views,uploader,county_code
75,,1001
145,1,1001
555,,1003
796,1,1003
50,1,1005
26,,1005
19,1,1007
3,,1007
65,1,1009
32,,1009
19,1,1011
4,,1011
33,1,1013
15,,1013
258,1,1015
200,,1015
83,1,1017
43,,1017
41,1,1019
29,,1019
29,1,1021
42,,1021
18,,1023
23,1,1023
7,1,1025
3,,1025
2,1,1027
2,,1027
4,1,1029
224,1,1031
134,,1031
31,,1033
107,1,1033
2,1,1035
2,,1035
71,1,1039
28,,1039
7,1,1041
3,,1041
162,1,1043
67,,1043
156,1,1045
124,,1045
34,1,1047
17,,1047
160,1,1049
80,,1049
221,1,1051
114,,1051
57,1,1053
40,,1053
149,1,1055
77,,1055
9,,1057
19,1,1057
6,1,1059
1,,1059
28,1,1061
15,,1061
4,,1065
8,1,1065
5,1,1067
5,,1067
616,1,1069
262,,1069
89,1,1071
27,,1071
1554,,1073
4255,1,1073
4,,1075
2,1,1075
181,1,1077
87,,1077
7,1,1079
12,,1079
763,1,1081
299,,1081
113,,1083
247,1,1083
1,,1085
33,1,1087
12,,1087
1900,1,1089
807,,1089
15,,1091
12,1,1091
88,1,1093
49,,1093
336,1,1095
197,,1095
1063,1,1097
462,,1097
66,1,1099
38,,1099
1118,1,1101
430,,1101
385,1,1103
190,,1103
2,1,1105
1,,1105
6,,1107
6,1,1107
74,1,1109
37,,1109
6,1,1111
76,,1113
132,1,1113
97,,1115
140,1,1115
594,1,1117
273,,1117
9,1,1119
97,1,1121
91,,1121
83,1,1123
55,,1123
316,,1125
680,1,1125
74,,1127
116,1,1127
6,1,1129
9,,1129
56,1,1133
44,,1133
3,1,2016
2278,1,2020
809,,2020
30,1,2050
2,,2050
1,,2060
10,1,2068
2,,2068
1,,2070
386,1,2090
122,,2090
11,1,2100
1,,2100
452,1,2110
98,,2110
163,1,2122
56,,2122
91,1,2130
25,,2130
30,1,2150
13,,2150
259,,2170
545,1,2170
25,1,2180
6,,2180
11,,2185
11,1,2185
53,1,2220
8,,2220
38,1,2232
6,,2232
2,1,2240
4,,2240
49,1,2261
12,,2261
13,1,2280
3,,2280
68,1,4001
19,,4001
410,1,4003
180,,4003
815,1,4005
195,,4005
145,1,4007
78,,4007
59,1,4009
23,,4009
7,,4011
28,1,4011
44,1,4012
19,,4012
26344,1,4013
11239,,4013
773,1,4015
546,,4015
328,1,4017
188,,4017
6411,1,4019
2006,,4019
408,,4021
795,1,4021
158,1,4023
71,,4023
1066,1,4025
443,,4025
434,1,4027
236,,4027
17,1,5001
7,,5001
2,,5003
11,1,5003
278,1,5005
155,,5005
888,1,5007
440,,5007
122,1,5009
47,,5009
6,,5011
3,1,5011
3,1,5013
76,1,5015
33,,5015
6,1,5017
4,,5017
51,1,5019
23,,5019
12,,5021
6,1,5021
47,1,5023
32,,5023
29,1,5027
156,,5027
10,1,5029
5,,5029
207,,5031
330,1,5031
90,1,5033
81,,5033
42,1,5035
17,,5035
8,,5037
18,1,5037
1,1,5039
11,,5041
22,1,5041
13,,5043
35,1,5043
509,1,5045
255,,5045
64,1,5047
55,,5047
20,1,5049
18,,5049
379,1,5051
198,,5051
92,1,5053
79,,5053
78,1,5055
34,,5055
6,,5057
23,1,5057
39,1,5059
24,,5059
2,,5061
4,1,5061
52,1,5063
23,,5063
10,,5065
23,1,5067
36,,5067
138,1,5069
26,,5069
64,1,5071
23,,5071
10,1,5075
13,,5075
2,1,5077
1,1,5079
1,,5079
9,1,5081
9,,5081
19,1,5083
14,,5083
141,,5085
457,1,5085
8,1,5087
2,,5087
27,1,5089
7,,5089
61,1,5091
49,,5091
71,1,5093
49,,5093
1,1,5095
1,,5095
2,,5097
3,,5099
10,1,5099
44,1,5101
23,,5101
59,1,5103
8,,5103
4,1,5105
7,,5105
22,1,5107
10,,5107
4,1,5109
2,,5109
22,1,5111
12,,5111
12,1,5113
5,,5113
307,1,5115
107,,5115
1852,1,5119
870,,5119
17,1,5121
6,,5121
7,1,5123
31,,5123
98,,5125
201,1,5125
1,1,5127
8,,5127
278,,5131
400,1,5131
40,1,5133
50,,5133
17,1,5135
11,,5135
42,1,5137
19,,5137
44,,5139
73,1,5139
33,1,5141
20,,5141
1373,1,5143
447,,5143
65,,5145
136,1,5145
1,,5147
9,,5149
35,1,5149
12717,1,6001
2806,,6001
37,,6005
43,1,6005
816,1,6007
365,,6007
255,1,6009
128,,6009
33,1,6011
31,,6011
6263,1,6013
1833,,6013
125,1,6015
53,,6015
1162,1,6017
471,,6017
2803,1,6019
1427,,6019
30,1,6021
16,,6021
3124,1,6023
935,,6023
477,1,6025
290,,6025
103,1,6027
34,,6027
1646,,6029
3880,1,6029
303,1,6031
155,,6031
247,1,6033
120,,6033
104,,6035
225,1,6035
82408,1,6037
25476,,6037
399,1,6039
185,,6039
2548,1,6041
464,,6041
857,1,6043
277,,6043
683,1,6045
214,,6045
611,1,6047
350,,6047
332,1,6049
99,,6049
26,,6051
122,1,6051
1534,1,6053
521,,6053
754,1,6055
175,,6055
750,1,6057
257,,6057
18458,1,6059
7199,,6059
2200,1,6061
998,,6061
13,,6063
58,1,6063
10831,1,6065
4948,,6065
8924,1,6067
3132,,6067
187,1,6069
64,,6069
9283,1,6071
4372,,6071
33608,1,6073
10469,,6073
53168,1,6075
11434,,6075
1906,1,6077
964,,6077
2133,1,6079
668,,6079
6130,1,6081
1264,,6081
3073,1,6083
830,,6083
17537,1,6085
4572,,6085
2193,1,6087
475,,6087
759,1,6089
451,,6089
8,1,6091
116,1,6093
32,,6093
1420,1,6095
515,,6095
3238,1,6097
639,,6097
1452,1,6099
740,,6099
424,1,6101
208,,6101
160,1,6103
69,,6103
52,1,6105
9,,6105
852,1,6107
508,,6107
124,1,6109
85,,6109
4692,1,6111
1823,,6111
3089,1,6113
878,,6113
109,1,6115
70,,6115
1962,1,8001
840,,8001
136,1,8003
52,,8003
5280,1,8005
2145,,8005
180,1,8007
118,,8007
53,1,8011
20,,8011
4167,1,8013
1125,,8013
779,1,8014
277,,8014
154,1,8015
42,,8015
10,1,8019
4,,8019
5,,8021
10,1,8021
1,1,8023
1,1,8025
15,,8027
55,1,8027
212,1,8029
72,,8029
16206,1,8031
6422,,8031
2475,1,8035
889,,8035
426,1,8037
197,,8037
48,1,8039
25,,8039
4910,1,8041
2839,,8041
67,1,8043
18,,8043
232,1,8045
113,,8045
46,1,8047
22,,8047
105,1,8049
64,,8049
54,,8051
132,1,8051
3,1,8053
10,,8053
7,1,8055
6,,8055
5530,1,8059
2105,,8059
33,1,8063
16,,8063
88,1,8065
43,,8065
158,,8067
437,1,8067
905,,8069
2460,1,8069
45,1,8071
21,,8071
27,1,8073
12,,8073
86,1,8075
37,,8075
1254,1,8077
499,,8077
5,1,8079
3,,8079
73,1,8081
42,,8081
69,1,8083
27,,8083
336,1,8085
151,,8085
216,1,8087
280,,8087
205,1,8089
112,,8089
8,,8091
15,1,8091
31,1,8093
18,,8093
11,1,8095
6,,8095
333,1,8097
96,,8097
39,,8099
108,1,8099
566,1,8101
354,,8101
2,1,8103
31,1,8105
15,,8105
153,1,8107
49,,8107
16,1,8109
11,,8109
1,1,8111
67,1,8113
28,,8113
3,1,8115
111,,8117
345,1,8117
125,1,8119
70,,8119
1643,1,8123
673,,8123
5,1,8125
1,,8125
9113,1,9001
2911,,9001
5513,1,9003
1591,,9003
1337,1,9005
383,,9005
902,1,9007
282,,9007
5902,1,9009
2119,,9009
1614,1,9011
562,,9011
893,1,9013
255,,9013
578,1,9015
258,,9015
607,1,10001
232,,10001
4354,1,10003
1136,,10003
457,,10005
1386,1,10005
5481,1,12001
2798,,12001
158,1,12003
77,,12003
1932,1,12005
1151,,12005
119,1,12007
39,,12007
4542,,12009
9384,1,12009
17911,1,12011
11461,,12011
81,,12013
435,1,12013
1531,1,12015
510,,12015
2231,1,12017
1010,,12017
1065,1,12019
1626,,12019
2975,1,12021
1398,,12021
418,1,12023
216,,12023
144,1,12027
52,,12027
109,1,12029
241,,12029
8040,1,12031
10605,,12031
3053,1,12033
1977,,12033
1361,1,12035
2357,,12035
343,1,12037
150,,12037
110,,12039
409,1,12039
12,1,12041
17,,12041
4,1,12043
1,,12043
14,,12045
43,1,12045
31,1,12047
18,,12047
122,1,12049
51,,12049
123,1,12051
116,,12051
3056,1,12053
2946,,12053
319,,12055
553,1,12055
26655,1,12057
16686,,12057
45,1,12059
30,,12059
1224,1,12061
817,,12061
143,1,12063
66,,12063
18,1,12065
5,,12065
1,1,12067
5649,1,12069
4235,,12069
8874,1,12071
4024,,12071
5266,1,12073
1820,,12073
128,1,12075
82,,12075
6,,12077
7,1,12077
41,1,12079
3,,12079
2121,,12081
4881,1,12081
4334,1,12083
2086,,12083
447,,12085
1121,1,12085
27881,1,12086
26484,,12086
559,1,12087
378,,12087
433,1,12089
524,,12089
1476,,12091
2576,1,12091
111,1,12093
163,,12093
20455,,12095
27290,1,12095
5530,1,12097
4413,,12097
13345,1,12099
11075,,12099
7828,1,12101
5804,,12101
20111,1,12103
23113,,12103
9309,1,12105
5377,,12105
202,,12107
420,1,12107
2874,1,12109
3823,,12109
4619,1,12111
7484,,12111
3556,1,12113
3470,,12113
4374,,12115
7848,1,12115
9671,1,12117
6398,,12117
1665,1,12119
1499,,12119
348,1,12121
277,,12121
150,1,12123
118,,12123
757,1,12125
356,,12125
8120,1,12127
6377,,12127
219,1,12129
193,,12129
539,1,12131
260,,12131
41,1,12133
30,,12133
24,1,13001
9,,13001
11,,13003
22,1,13003
16,1,13005
23,,13005
245,1,13009
86,,13009
25,1,13011
11,,13011
379,1,13013
208,,13013
204,1,13015
124,,13015
36,1,13017
44,,13017
23,1,13019
8,,13019
624,1,13021
222,,13021
13,1,13023
10,,13023
24,1,13025
15,,13025
5,1,13027
8,,13027
156,1,13029
54,,13029
365,1,13031
130,,13031
19,1,13033
6,,13033
57,1,13035
19,,13035
262,1,13039
114,,13039
19,1,13043
23,,13043
402,1,13045
201,,13045
215,1,13047
85,,13047
9,1,13049
4,,13049
1357,1,13051
466,,13051
54,1,13053
22,,13053
35,1,13055
25,,13055
1243,1,13057
585,,13057
511,,13059
1453,1,13059
1,,13061
456,1,13063
246,,13063
2,1,13065
3633,1,13067
1286,,13067
112,1,13069
54,,13069
138,1,13071
67,,13071
249,,13073
521,1,13073
27,1,13075
15,,13075
404,1,13077
215,,13077
4,1,13079
3,,13079
36,1,13081
16,,13081
14,,13083
28,1,13083
84,1,13085
36,,13085
15,,13087
33,1,13087
748,,13089
3547,1,13089
9,1,13091
4,,13091
6,,13093
15,1,13093
174,,13095
309,1,13095
421,1,13097
174,,13097
2,1,13099
150,1,13103
70,,13103
32,1,13105
16,,13105
47,1,13107
16,,13107
2,1,13109
1,,13109
174,1,13111
101,,13111
687,1,13113
237,,13113
224,1,13115
146,,13115
695,1,13117
298,,13117
42,1,13119
22,,13119
8214,,13121
23820,1,13121
154,1,13123
73,,13123
165,,13127
265,1,13127
121,1,13129
110,,13129
29,1,13131
17,,13131
69,1,13133
60,,13133
4480,1,13135
1846,,13135
50,1,13137
34,,13137
686,1,13139
437,,13139
4,1,13141
24,1,13143
18,,13143
28,1,13145
6,,13145
86,1,13147
45,,13147
11,1,13149
1,,13149
321,,13151
864,1,13151
780,1,13153
353,,13153
3,1,13155
409,1,13157
289,,13157
14,1,13159
3,,13159
10,1,13161
5,,13161
31,1,13163
3,,13163
2,,13165
7,1,13167
5,,13167
101,1,13169
67,,13169
9,,13171
19,1,13171
3,,13173
7,1,13173
94,1,13175
52,,13175
4,1,13177
7,,13177
166,1,13179
64,,13179
8,,13181
15,1,13181
376,1,13185
148,,13185
550,1,13187
315,,13187
14,1,13189
9,,13189
17,1,13191
16,,13191
4,1,13193
4,,13193
7,1,13195
5,,13195
3,,13197
3,1,13197
7,1,13199
7,,13199
3,1,13201
1,,13201
30,1,13205
6,,13205
34,1,13207
21,,13207
15,1,13211
51,,13211
94,1,13213
37,,13213
357,,13215
842,1,13215
263,1,13217
134,,13217
59,1,13219
27,,13219
184,1,13223
84,,13223
55,1,13225
30,,13225
63,,13227
135,1,13227
29,1,13229
20,,13229
3,,13231
4,1,13231
79,,13233
77,1,13233
6,,13235
12,1,13235
15,1,13237
10,,13237
19,1,13239
3,,13239
1,,13241
10,1,13241
2,1,13243
668,1,13245
255,,13245
213,1,13247
84,,13247
2,1,13249
20,1,13251
7,,13251
2,1,13253
49,,13255
98,1,13255
38,1,13257
18,,13257
44,1,13261
22,,13261
15,1,13267
13,,13267
6,1,13269
1,,13273
1,1,13273
60,,13275
153,1,13275
115,1,13277
136,,13277
49,1,13279
17,,13279
29,1,13281
14,,13281
3,1,13283
3,,13283
179,1,13285
101,,13285
11,1,13287
3,,13287
20,,13291
23,1,13291
66,1,13293
39,,13293
87,1,13295
90,,13295
229,1,13297
107,,13297
76,1,13299
44,,13299
5,1,13303
1,,13303
17,,13305
24,1,13305
1,,13309
151,1,13311
85,,13311
370,,13313
470,1,13313
3,1,13315
2,,13315
51,1,13317
5,,13317
2,,13319
2,1,13319
8,,13321
4,1,13321
1088,1,15001
388,,15001
2068,,15003
5145,1,15003
400,1,15007
96,,15007
358,,15009
1163,1,15009
3596,1,16001
1526,,16001
3,1,16003
114,,16005
341,1,16005
5,1,16007
9,,16007
12,1,16009
13,,16009
51,1,16011
29,,16011
160,1,16013
37,,16013
3,1,16015
74,1,16017
29,,16017
320,1,16019
141,,16019
9,,16021
23,1,16021
8,1,16023
4,,16023
650,1,16027
396,,16027
6,1,16029
4,,16029
33,1,16031
9,,16031
2,,16035
8,1,16035
12,,16037
16,1,16037
43,1,16039
44,,16039
13,1,16041
34,,16041
24,,16043
39,1,16043
7,,16045
9,1,16045
14,,16047
2,1,16047
11,1,16049
3,,16049
18,1,16051
4,,16051
22,1,16053
12,,16053
881,1,16055
529,,16055
314,1,16057
113,,16057
18,1,16059
3,,16059
2,1,16061
84,1,16065
104,,16065
44,1,16067
18,,16067
182,1,16069
95,,16069
4,1,16071
5,,16071
23,1,16073
21,,16073
37,1,16075
27,,16075
2,1,16077
2,,16077
9,1,16079
10,,16079
77,1,16081
24,,16081
146,1,16083
131,,16083
96,1,16085
29,,16085
13,1,16087
1,,16087
220,1,17001
87,,17001
1,1,17003
1,,17003
23,1,17005
3,,17005
194,1,17007
89,,17007
129,1,17009
31,,17009
41,1,17011
13,,17011
45,1,17015
16,,17015
33,1,17017
14,,17017
1512,1,17019
305,,17019
57,1,17021
29,,17021
18,,17023
5,1,17023
20,,17025
16,1,17025
14,1,17027
19,,17027
408,1,17029
125,,17029
51726,1,17031
14308,,17031
21,1,17033
1,,17033
2,1,17035
604,1,17037
221,,17037
35,1,17039
20,,17039
14,1,17041
17,,17041
1641,,17043
5523,1,17043
24,1,17045
16,,17045
246,,17047
448,1,17047
69,1,17049
35,,17049
14,,17051
10,1,17051
5,,17053
21,1,17053
18,,17055
32,1,17055
8,1,17057
8,,17057
2,,17061
17,1,17061
171,1,17063
67,,17063
6,1,17065
8,,17065
13,1,17067
6,,17067
5,,17069
9,1,17069
182,1,17073
78,,17073
7,1,17075
13,,17075
75,,17077
344,1,17077
3,1,17079
3,,17079
106,1,17081
37,,17081
40,1,17083
20,,17083
83,1,17085
32,,17085
2,,17087
8,1,17087
2482,1,17089
903,,17089
133,,17091
204,1,17091
280,1,17093
127,,17093
182,1,17095
51,,17095
3538,1,17097
1133,,17097
255,1,17099
79,,17099
7,1,17101
6,,17101
125,1,17103
60,,17103
57,1,17105
28,,17105
22,1,17107
15,,17107
29,,17109
96,1,17109
1167,1,17111
545,,17111
1177,1,17113
449,,17113
224,1,17115
68,,17115
147,1,17117
63,,17117
1152,1,17119
603,,17119
66,1,17121
27,,17121
1,1,17123
29,1,17125
8,,17125
8,1,17127
3,,17127
11,1,17129
5,,17129
39,1,17131
17,,17131
152,1,17133
97,,17133
36,1,17135
16,,17135
37,,17137
103,1,17137
20,1,17139
8,,17139
137,,17141
408,1,17141
683,1,17143
308,,17143
16,1,17145
28,,17145
36,1,17147
49,,17147
8,,17149
6,1,17149
1,1,17151
50,1,17157
22,,17157
31,1,17159
23,,17159
1079,1,17161
283,,17161
766,1,17163
385,,17163
6,,17165
25,1,17165
788,1,17167
229,,17167
85,1,17169
53,,17169
1,1,17171
1,,17171
7,1,17173
13,,17173
7,1,17175
43,,17177
129,1,17177
404,1,17179
176,,17179
16,1,17181
12,,17181
91,1,17183
56,,17183
29,1,17185
20,,17185
15,,17187
18,1,17187
20,1,17189
6,,17189
21,1,17191
11,,17191
11,1,17193
7,,17193
122,1,17195
41,,17195
1871,1,17197
820,,17197
492,1,17199
288,,17199
402,,17201
1056,1,17201
126,1,17203
36,,17203
131,1,18001
63,,18001
1507,1,18003
658,,18003
318,1,18005
135,,18005
6,1,18009
7,,18009
427,1,18011
119,,18011
25,1,18013
31,,18013
25,1,18015
12,,18015
122,1,18017
50,,18017
425,1,18019
121,,18019
73,1,18021
40,,18021
36,1,18023
16,,18023
1,1,18025
2,,18025
60,1,18027
61,,18027
222,1,18029
94,,18029
51,1,18031
26,,18031
148,1,18033
65,,18033
316,1,18035
120,,18035
110,1,18037
42,,18037
887,1,18039
431,,18039
19,1,18041
14,,18041
105,,18043
308,1,18043
12,1,18045
2,,18045
11,1,18047
13,,18047
36,1,18049
20,,18049
36,1,18051
32,,18051
209,1,18053
109,,18053
34,1,18055
22,,18055
1694,1,18057
673,,18057
317,1,18059
144,,18059
71,1,18061
18,,18061
257,,18063
547,1,18063
71,1,18065
37,,18065
76,,18067
187,1,18067
57,,18069
61,1,18069
100,1,18071
65,,18071
56,1,18073
64,,18073
18,1,18075
7,,18075
133,1,18077
30,,18077
66,1,18079
11,,18079
605,1,18081
496,,18081
91,1,18083
45,,18083
342,1,18085
119,,18085
59,1,18087
22,,18087
1259,1,18089
597,,18089
115,,18091
273,1,18091
52,1,18093
24,,18093
296,1,18095
118,,18095
5102,1,18097
1459,,18097
163,1,18099
62,,18099
6,1,18101
2,,18101
33,,18103
58,1,18103
1290,1,18105
331,,18105
102,1,18107
54,,18107
100,1,18109
49,,18109
31,1,18111
29,,18111
80,,18113
151,1,18113
6,1,18115
9,,18115
48,,18117
30,1,18117
7,,18119
18,1,18119
1,,18121
9,1,18121
27,1,18123
5,,18123
18,1,18125
1,,18125
961,1,18127
354,,18127
6,,18129
7,1,18129
26,1,18131
12,,18131
88,1,18133
20,,18133
20,1,18135
7,,18135
121,1,18137
36,,18137
7,1,18139
12,,18139
1462,1,18141
496,,18141
30,1,18143
28,,18143
130,,18145
245,1,18145
24,1,18147
10,,18147
75,1,18149
23,,18149
132,1,18151
79,,18151
9,1,18153
1,,18153
5,1,18155
1,,18155
268,,18157
1069,1,18157
30,1,18159
14,,18159
12,1,18161
11,,18161
879,1,18163
312,,18163
90,1,18165
40,,18165
461,1,18167
134,,18167
22,1,18169
13,,18169
236,1,18173
74,,18173
143,1,18175
42,,18175
71,,18177
150,1,18177
55,1,18179
43,,18179
42,1,18181
21,,18181
142,1,18183
74,,18183
35,1,19001
7,,19001
5,1,19003
3,,19003
56,1,19005
5,,19005
65,1,19007
11,,19007
7,,19009
32,1,19009
195,1,19011
32,,19011
1820,1,19013
370,,19013
225,1,19015
33,,19015
212,1,19017
47,,19017
184,1,19019
44,,19019
99,1,19021
54,,19021
116,1,19023
17,,19023
22,1,19025
149,1,19027
28,,19027
42,1,19029
21,,19029
218,1,19031
23,,19031
460,1,19033
109,,19033
85,1,19035
14,,19035
52,1,19037
6,,19037
74,1,19039
24,,19039
152,1,19041
41,,19041
231,1,19043
30,,19043
102,,19045
438,1,19045
90,1,19047
41,,19047
315,1,19049
57,,19049
29,1,19051
17,,19051
32,1,19053
14,,19053
120,1,19055
27,,19055
117,,19057
545,1,19057
258,1,19059
60,,19059
1361,1,19061
254,,19061
68,1,19063
5,,19063
55,1,19065
13,,19065
25,,19067
213,1,19067
44,1,19069
6,,19069
15,1,19071
8,,19071
71,1,19073
8,,19073
28,1,19075
24,,19075
91,1,19077
15,,19077
60,1,19079
19,,19079
205,1,19081
24,,19081
11,,19083
65,1,19083
25,,19085
53,1,19085
155,1,19087
46,,19087
65,1,19089
10,,19089
24,1,19091
9,,19091
22,1,19093
155,1,19095
31,,19095
126,1,19097
15,,19097
259,1,19099
51,,19099
50,,19101
279,1,19101
3715,1,19103
726,,19103
128,1,19105
38,,19105
56,1,19107
5,,19107
89,1,19109
25,,19109
135,1,19111
40,,19111
4711,1,19113
1001,,19113
54,1,19115
23,,19115
53,1,19117
10,,19117
4,,19119
44,1,19119
44,1,19121
7,,19121
185,1,19123
44,,19123
448,1,19125
125,,19125
114,,19127
451,1,19127
75,1,19129
64,,19129
151,1,19131
29,,19131
7,,19133
26,1,19133
52,1,19135
8,,19135
77,1,19137
10,,19137
135,,19139
442,1,19139
31,,19141
74,1,19141
45,1,19143
13,,19143
81,1,19145
29,,19145
63,1,19147
8,,19147
165,1,19149
79,,19149
19,1,19151
3,,19151
10532,1,19153
2196,,19153
782,1,19155
209,,19155
186,1,19157
44,,19157
8,1,19159
1,,19159
36,1,19161
8,,19161
2956,1,19163
697,,19163
101,1,19165
19,,19165
376,1,19167
67,,19167
1489,1,19169
360,,19169
157,1,19171
27,,19171
6,1,19173
154,1,19175
47,,19175
17,,19177
100,1,19177
67,,19179
366,1,19179
39,,19181
340,1,19181
33,,19183
283,1,19183
32,1,19185
5,,19185
511,1,19187
121,,19187
53,1,19189
15,,19189
138,1,19191
42,,19191
1661,1,19193
479,,19193
7,1,19195
1,,19195
55,1,19197
4,,19197
14,,20001
27,1,20001
8,1,20003
8,,20003
57,1,20005
14,,20005
11,,20007
12,1,20007
111,1,20009
51,,20009
18,1,20011
13,,20011
48,1,20013
13,,20013
164,1,20015
73,,20015
20,1,20021
14,,20021
10,1,20027
7,,20027
18,1,20029
1,,20029
14,1,20031
11,,20031
64,1,20035
28,,20035
146,1,20037
62,,20037
59,1,20041
9,,20041
1,1,20043
223,,20045
1182,1,20045
106,,20051
164,1,20051
2,,20053
5,1,20053
74,1,20055
59,,20055
121,1,20057
56,,20057
53,1,20059
14,,20059
78,1,20061
34,,20061
21,1,20067
7,,20067
1,1,20069
6,,20069
120,1,20079
21,,20079
1,1,20081
24,1,20085
12,,20085
3,1,20087
6,,20087
3287,1,20091
1259,,20091
1,1,20093
2,1,20095
5,,20095
13,,20099
32,1,20099
289,1,20103
116,,20103
33,1,20107
11,,20107
27,1,20109
3,,20109
125,1,20111
49,,20111
50,,20113
63,1,20113
19,1,20115
5,,20115
25,1,20117
5,,20117
17,,20121
57,1,20121
10,1,20123
4,,20123
94,1,20125
49,,20125
11,1,20127
7,,20127
5,1,20129
7,1,20131
4,,20131
32,1,20133
12,,20133
7,1,20135
5,,20135
13,1,20137
7,,20137
10,1,20139
4,,20139
3,1,20143
2,,20143
2,,20145
2,,20147
8,1,20147
52,1,20149
19,,20149
24,1,20151
11,,20151
188,1,20155
83,,20155
5,1,20157
8,,20157
3,,20159
2,1,20159
496,1,20161
175,,20161
19,1,20167
10,,20167
57,,20169
163,1,20169
18,1,20171
8,,20171
2304,1,20173
929,,20173
52,1,20175
37,,20175
967,1,20177
289,,20177
13,1,20181
4,,20181
27,1,20189
16,,20189
18,1,20191
18,,20191
25,1,20193
16,,20193
1,1,20195
2,1,20197
5,1,20203
2,,20203
5,,20205
2,1,20205
419,1,20209
231,,20209
14,,21001
14,1,21001
22,1,21003
31,,21003
36,,21005
30,1,21005
15,1,21007
6,,21007
94,,21009
176,1,21009
5,1,21011
44,1,21013
33,,21013
816,1,21015
333,,21015
38,1,21017
9,,21017
293,1,21019
121,,21019
105,1,21021
29,,21021
5,1,21025
4,,21025
4,,21027
7,1,21027
191,1,21029
67,,21029
8,1,21031
1,,21031
6,,21033
24,1,21033
168,1,21035
43,,21035
649,1,21037
215,,21037
7,,21041
22,1,21041
37,1,21043
8,,21043
5,1,21045
151,1,21047
61,,21047
111,1,21049
64,,21049
78,1,21051
47,,21051
16,1,21053
2,,21053
6,1,21055
1,,21055
13,1,21057
10,,21057
344,1,21059
193,,21059
2,,21061
9,,21065
24,1,21065
609,,21067
2173,1,21067
4,,21069
10,1,21069
109,1,21071
50,,21071
332,1,21073
85,,21073
1,1,21075
2,,21075
6,1,21077
5,,21077
28,1,21079
5,,21079
76,1,21081
17,,21081
83,1,21083
36,,21083
6,1,21085
1,,21085
37,1,21089
17,,21089
13,1,21091
1,,21091
677,1,21093
475,,21093
35,1,21095
30,,21095
27,1,21097
6,,21097
23,1,21099
8,,21099
136,1,21101
53,,21101
2,1,21103
85,1,21107
54,,21107
26,1,21109
13,,21109
3761,1,21111
1348,,21111
490,1,21113
210,,21113
34,1,21115
26,,21115
1090,1,21117
324,,21117
44,1,21119
16,,21119
114,1,21121
56,,21121
3,1,21123
1,,21123
291,1,21125
171,,21125
49,1,21127
22,,21127
1,,21129
62,1,21131
17,,21131
41,1,21133
18,,21133
1,,21135
3,1,21135
10,1,21137
7,,21137
1,,21139
2,1,21139
68,1,21141
39,,21141
3,1,21143
2,,21143
72,,21145
187,1,21145
56,1,21147
60,,21147
5,1,21149
20,,21149
432,1,21151
142,,21151
22,,21153
53,1,21153
24,1,21155
30,,21155
63,1,21157
37,,21157
39,1,21159
12,,21159
21,,21161
44,1,21161
46,1,21163
22,,21163
22,1,21167
14,,21167
10,1,21169
6,,21169
8,1,21171
10,,21171
58,1,21173
44,,21173
61,1,21175
57,,21175
30,1,21177
17,,21177
113,1,21179
75,,21179
11,1,21183
2,,21183
124,1,21185
36,,21185
8,1,21187
32,,21187
11,1,21189
14,,21189
6,1,21191
3,,21191
22,1,21193
9,,21193
89,,21195
171,1,21195
1,,21197
6,1,21197
99,1,21199
47,,21199
9,1,21203
7,,21203
67,1,21205
15,,21205
21,,21207
56,1,21207
203,1,21209
68,,21209
141,1,21211
60,,21211
41,1,21213
7,,21213
10,,21215
9,1,21215
25,1,21217
22,,21217
11,,21221
29,1,21221
4,1,21223
2,,21223
10,1,21225
5,,21225
480,1,21227
200,,21227
2,,21229
9,1,21229
37,,21231
11,1,21231
1,1,21233
120,1,21235
59,,21235
60,1,21239
32,,21239
101,1,22001
66,,22001
12,,22003
23,1,22003
411,1,22005
274,,22005
5,1,22007
44,1,22009
26,,22009
120,1,22011
70,,22011
10,1,22013
12,,22013
360,1,22015
173,,22015
270,,22017
466,1,22017
268,,22019
547,1,22019
1,1,22023
6,1,22027
6,,22027
5,1,22029
2,,22029
7,1,22031
12,,22031
1608,1,22033
618,,22033
3,,22035
2,1,22037
47,,22039
42,1,22039
10,1,22041
30,,22041
3,1,22043
4,,22043
130,1,22045
86,,22045
73,1,22047
49,,22047
3,1,22049
3,,22049
1279,1,22051
597,,22051
32,1,22053
32,,22053
925,1,22055
527,,22055
179,1,22057
129,,22057
4,1,22059
5,,22059
54,,22061
168,1,22061
158,1,22063
167,,22063
5,1,22065
15,1,22067
14,,22067
56,1,22069
40,,22069
3039,1,22071
804,,22071
239,1,22073
142,,22073
55,1,22075
23,,22075
23,1,22077
31,,22077
426,1,22079
184,,22079
2,1,22081
2,,22081
11,1,22083
5,,22083
4,1,22085
1,,22085
85,1,22087
82,,22087
116,1,22089
67,,22089
3,1,22093
6,,22093
73,1,22095
46,,22095
199,1,22097
135,,22097
102,1,22099
103,,22099
97,1,22101
60,,22101
999,1,22103
575,,22103
313,1,22105
176,,22105
189,1,22109
109,,22109
5,1,22111
1,,22111
81,1,22113
45,,22113
103,1,22115
47,,22115
58,1,22117
35,,22117
35,1,22119
46,,22119
26,1,22121
16,,22121
3,1,22123
5,,22123
8,1,22125
7,,22125
6,,22127
16,1,22127
198,,23001
767,1,23001
224,1,23003
71,,23003
1031,,23005
3902,1,23005
108,1,23007
45,,23007
685,1,23009
113,,23009
858,1,23011
247,,23011
522,1,23013
81,,23013
76,,23015
317,1,23015
369,1,23017
85,,23017
1022,1,23019
194,,23019
30,1,23021
9,,23021
167,1,23023
52,,23023
81,,23025
138,1,23025
236,1,23027
87,,23027
30,,23029
118,1,23029
409,,23031
1661,1,23031
98,,24001
320,1,24001
3657,1,24003
1203,,24003
8853,1,24005
2375,,24005
348,1,24009
125,,24009
19,,24011
58,1,24011
505,1,24013
244,,24013
394,1,24015
176,,24015
746,1,24017
208,,24017
56,1,24019
23,,24019
1222,1,24021
348,,24021
44,,24023
99,1,24023
1132,1,24025
417,,24025
862,,24027
3745,1,24027
41,1,24029
12,,24029
13876,1,24031
2571,,24031
5871,1,24033
1179,,24033
369,1,24035
135,,24035
522,1,24037
167,,24037
14,1,24039
14,,24039
178,1,24041
39,,24041
658,1,24043
397,,24043
184,,24045
426,1,24045
367,1,24047
174,,24047
2793,1,25001
640,,25001
1397,1,25003
335,,25003
755,,25005
2591,1,25005
485,1,25007
51,,25007
5158,1,25009
1368,,25009
352,1,25011
56,,25011
857,,25013
2874,1,25013
243,,25015
1618,1,25015
18802,1,25017
3918,,25017
68,,25019
264,1,25019
5150,1,25021
1295,,25021
2972,1,25023
1025,,25023
25884,1,25025
6917,,25025
5684,1,25027
1888,,25027
24,,26003
60,1,26003
230,1,26005
261,,26005
125,1,26007
65,,26007
65,1,26009
28,,26009
5,1,26011
9,,26011
8,1,26013
15,,26013
115,1,26015
104,,26015
439,1,26017
333,,26017
29,,26019
91,1,26019
492,1,26021
344,,26021
131,1,26023
123,,26023
249,1,26025
318,,26025
76,,26027
97,1,26027
192,1,26029
103,,26029
76,1,26031
38,,26031
216,1,26033
142,,26033
50,1,26035
20,,26035
186,1,26037
133,,26037
18,,26039
25,1,26039
87,1,26041
143,,26041
82,1,26043
83,,26043
360,1,26045
361,,26045
220,1,26047
133,,26047
771,1,26049
753,,26049
23,1,26051
9,,26051
68,1,26053
55,,26053
557,1,26055
282,,26055
110,1,26057
85,,26057
55,1,26059
39,,26059
219,1,26061
180,,26061
40,1,26063
41,,26063
1043,,26065
1648,1,26065
112,1,26067
111,,26067
104,1,26069
112,,26069
281,1,26071
282,,26071
280,1,26073
214,,26073
435,1,26075
392,,26075
1268,1,26077
1003,,26077
32,1,26079
17,,26079
2730,1,26081
2010,,26081
4,1,26083
1,,26083
1,1,26085
1,,26085
169,1,26087
168,,26087
186,1,26089
82,,26089
270,1,26091
322,,26091
573,,26093
667,1,26093
1,,26095
3,1,26095
15,1,26097
16,,26097
2912,,26099
3014,1,26099
85,1,26101
52,,26101
274,1,26103
210,,26103
143,1,26105
70,,26105
108,1,26107
103,,26107
20,1,26109
16,,26109
469,1,26111
301,,26111
4,1,26113
6,,26113
586,1,26115
551,,26115
185,1,26117
188,,26117
38,,26119
38,1,26119
532,1,26121
478,,26121
775,1,26123
585,,26123
6817,1,26125
4743,,26125
12,1,26127
13,,26127
25,1,26129
22,,26129
22,1,26133
16,,26133
16,1,26135
19,,26135
75,,26137
133,1,26137
1327,1,26139
1015,,26139
15,,26141
1,1,26141
124,1,26143
104,,26143
571,1,26145
519,,26145
510,1,26147
516,,26147
155,1,26149
163,,26149
63,1,26151
67,,26151
4,1,26153
6,,26153
244,1,26155
203,,26155
114,1,26157
116,,26157
181,,26159
212,1,26159
4624,1,26161
2306,,26161
18325,1,26163
18352,,26163
82,1,26165
91,,26165
1,1,27001
3,,27001
1279,1,27003
412,,27003
27,,27005
80,1,27005
169,1,27007
63,,27007
18,,27009
41,1,27009
469,1,27013
186,,27013
84,1,27015
73,,27015
200,1,27017
82,,27017
473,1,27019
205,,27019
92,1,27021
37,,27021
38,1,27023
12,,27023
82,,27025
305,1,27025
205,1,27027
68,,27027
2,,27029
5,1,27029
62,1,27031
9,,27031
8,,27033
17,1,27033
165,,27035
424,1,27035
2952,1,27037
865,,27037
48,1,27039
34,,27039
118,1,27041
32,,27041
72,1,27043
16,,27043
66,1,27045
20,,27045
23,,27047
88,1,27047
211,1,27049
96,,27049
9,1,27051
4,,27051
13986,1,27053
3040,,27053
89,1,27055
17,,27055
22,,27057
63,1,27057
31,1,27059
15,,27059
81,1,27061
32,,27061
34,1,27063
24,,27063
25,1,27065
2,,27065
146,1,27067
48,,27067
9,1,27069
4,,27069
13,1,27071
2,,27071
8,1,27073
2,,27073
55,1,27075
8,,27075
7,1,27077
1,,27077
37,1,27079
16,,27079
3,,27081
46,1,27081
118,1,27083
28,,27083
107,1,27085
69,,27085
4,1,27087
2,,27087
26,1,27091
11,,27091
10,,27093
20,1,27093
34,,27095
54,1,27095
47,1,27097
14,,27097
69,,27099
169,1,27099
25,1,27103
5,,27103
36,1,27105
21,,27105
3,1,27107
1519,1,27109
556,,27109
157,1,27111
63,,27111
32,1,27113
18,,27113
36,1,27115
13,,27115
4,1,27117
4,,27117
22,1,27119
10,,27119
11,1,27121
3,,27121
5030,1,27123
1308,,27123
2,1,27125
26,1,27127
9,,27127
4,1,27129
252,1,27131
69,,27131
30,1,27133
15,,27133
39,1,27135
25,,27135
1076,1,27137
302,,27137
904,1,27139
326,,27139
300,1,27141
176,,27141
8,1,27143
6,,27143
994,1,27145
384,,27145
189,1,27147
75,,27147
48,1,27149
14,,27149
5,1,27151
1,,27151
71,1,27153
13,,27153
59,1,27157
20,,27157
32,1,27159
11,,27159
14,,27161
18,1,27161
936,1,27163
387,,27163
19,,27165
23,1,27165
254,1,27169
92,,27169
428,1,27171
196,,27171
55,1,28001
33,,28001
77,1,28003
44,,28003
13,,28007
10,1,28007
49,1,28011
14,,28011
11,1,28013
7,,28013
1,,28017
5,1,28019
2,,28019
5,1,28021
2,,28023
32,1,28025
3,,28025
31,1,28027
20,,28027
14,1,28029
12,,28029
4,1,28031
1,,28031
458,1,28033
236,,28033
619,1,28035
365,,28035
15,,28037
25,1,28037
3,,28039
5,1,28039
10,1,28041
9,,28041
39,1,28043
18,,28043
101,1,28045
60,,28045
365,,28047
590,1,28047
815,1,28049
314,,28049
13,1,28051
6,,28051
3,,28053
8,1,28053
32,1,28057
19,,28057
333,1,28059
239,,28059
1,,28061
2,1,28061
3,1,28065
57,1,28067
41,,28067
119,,28071
311,1,28071
3,,28073
5,1,28073
86,1,28075
74,,28075
4,,28079
181,1,28081
109,,28081
75,1,28083
27,,28083
24,,28085
33,1,28085
114,1,28087
44,,28087
279,1,28089
155,,28089
17,1,28091
11,,28091
7,,28093
13,1,28093
25,1,28095
9,,28095
15,1,28097
4,,28097
47,1,28099
9,,28099
3,,28101
5,1,28101
3,1,28103
1,,28103
317,1,28105
114,,28105
40,1,28107
15,,28107
43,,28109
116,1,28109
32,1,28113
25,,28113
11,1,28115
4,,28115
55,1,28117
34,,28117
7,,28119
4,1,28119
260,1,28121
140,,28121
19,1,28123
12,,28123
27,1,28127
12,,28127
8,1,28131
5,,28131
12,1,28133
5,,28133
23,1,28137
7,,28137
17,1,28139
12,,28139
3,1,28141
5,,28141
5,1,28143
2,,28143
46,1,28145
28,,28145
1,1,28147
75,1,28149
54,,28149
78,1,28151
40,,28151
2,1,28153
3,,28153
5,1,28159
7,,28159
22,1,28163
9,,28163
170,1,29001
81,,29001
17,1,29003
16,,29003
3,1,29005
4,,29005
44,1,29007
70,,29007
46,1,29009
55,,29009
5,1,29011
10,,29011
23,1,29013
15,,29013
16,1,29015
47,,29015
1,1,29017
1,,29017
1586,1,29019
899,,29019
257,,29021
298,1,29021
63,1,29023
86,,29023
6,1,29025
3,,29025
85,1,29027
76,,29027
207,1,29029
232,,29029
338,1,29031
313,,29031
12,1,29033
3,,29033
11,1,29035
299,1,29037
243,,29037
13,1,29039
8,,29039
2,1,29041
1,,29041
439,1,29043
418,,29043
56,1,29045
66,,29045
397,1,29047
255,,29047
138,1,29049
131,,29049
345,1,29051
239,,29051
24,,29053
60,1,29053
24,1,29055
21,,29055
1,1,29057
2,1,29059
2,,29059
1,,29061
8,1,29061
26,1,29065
16,,29065
5,1,29067
4,,29067
57,1,29069
52,,29069
251,1,29071
275,,29071
33,1,29073
36,,29073
6,1,29075
1302,1,29077
1030,,29077
19,1,29079
17,,29079
19,1,29081
7,,29081
17,1,29083
23,,29083
5,,29085
10,1,29085
2,1,29087
1,,29087
6,1,29089
5,,29089
78,,29091
87,1,29091
1,,29093
3603,1,29095
2568,,29095
326,1,29097
358,,29097
660,1,29099
504,,29099
250,1,29101
156,,29101
1,1,29103
3,,29103
85,1,29105
89,,29105
63,1,29107
69,,29107
27,1,29109
14,,29109
28,1,29111
20,,29111
83,1,29113
131,,29113
8,1,29115
7,,29115
54,1,29117
41,,29117
19,1,29119
23,,29119
13,1,29121
31,,29121
31,1,29123
30,,29123
95,,29127
100,1,29127
2,1,29129
5,,29129
15,,29131
24,1,29131
59,1,29133
8,,29133
39,1,29135
35,,29135
10,1,29137
8,,29137
11,1,29139
1,,29139
45,1,29141
39,,29141
1,1,29143
9,,29143
145,1,29145
134,,29145
50,1,29147
48,,29147
2,1,29149
5,,29149
18,1,29151
16,,29151
63,1,29155
58,,29155
47,1,29157
38,,29157
136,1,29159
130,,29159
243,1,29161
181,,29161
3,1,29163
16,,29163
168,1,29165
107,,29165
251,1,29167
238,,29167
143,1,29169
155,,29169
10,1,29171
17,,29171
9,,29173
5,1,29173
42,1,29175
49,,29175
10,,29177
5,1,29177
17,1,29179
6,,29179
7,,29181
1839,1,29183
1574,,29183
6,1,29186
12,,29186
176,1,29187
221,,29187
10581,1,29189
6754,,29189
61,1,29195
54,,29195
1,1,29197
1,,29197
11,1,29199
8,,29199
123,1,29201
112,,29201
3,,29205
1,1,29205
34,1,29207
50,,29207
11,,29209
21,1,29209
27,1,29211
5,,29211
338,,29213
392,1,29213
11,1,29215
14,,29215
22,1,29217
21,,29217
37,,29219
55,1,29219
1,1,29221
2,,29221
3,1,29223
4,,29223
23,,29225
34,1,29225
9,1,29229
15,,29229
30,1,30001
10,,30001
17,1,30003
11,,30003
6,1,30005
1,,30005
2,1,30007
8,,30009
21,1,30009
304,1,30013
107,,30013
28,1,30017
9,,30017
16,,30021
33,1,30021
18,1,30023
9,,30023
8,,30025
7,1,30025
22,1,30027
11,,30027
679,1,30029
369,,30029
924,1,30031
259,,30031
46,1,30035
25,,30035
1,1,30039
30,1,30041
21,,30041
7,1,30043
53,,30047
116,1,30047
460,1,30049
131,,30049
34,1,30053
14,,30053
38,1,30057
9,,30057
4,1,30059
318,,30063
1235,1,30063
5,,30065
14,1,30065
105,1,30067
31,,30067
5,1,30071
6,,30071
2,,30073
2,,30077
4,1,30077
84,1,30081
44,,30081
36,1,30083
12,,30083
19,1,30085
11,,30085
5,,30087
27,1,30087
41,1,30089
13,,30089
133,1,30093
63,,30093
9,1,30095
5,,30095
13,1,30097
3,,30097
3,1,30099
8,1,30101
3,,30101
22,1,30105
6,,30105
1,,30109
700,1,30111
304,,30111
117,1,31001
40,,31001
5,1,31011
1,,31011
25,1,31013
10,,31013
211,1,31019
101,,31019
4,1,31021
6,,31021
2,1,31023
13,,31025
38,1,31025
2,1,31027
1,,31027
3,1,31029
1,,31029
11,1,31031
1,,31031
13,,31033
28,1,31033
11,1,31037
2,,31037
10,1,31039
4,,31039
3,1,31041
2,,31041
21,,31043
86,1,31043
12,1,31045
4,,31045
64,1,31047
28,,31047
180,1,31053
41,,31053
6091,1,31055
1938,,31055
4,1,31059
2,,31059
8,1,31065
7,,31065
58,1,31067
16,,31067
19,1,31071
4,,31071
143,,31079
302,1,31079
21,1,31081
14,,31081
9,,31083
7,1,31083
3,1,31089
4,,31089
20,1,31095
5,,31095
2,1,31097
3,,31097
2,,31099
3,1,31099
12,1,31101
4,,31101
2470,1,31109
900,,31109
106,1,31111
47,,31111
107,1,31119
60,,31119
24,1,31121
16,,31121
2,1,31123
1,,31123
14,1,31127
5,,31127
66,1,31131
33,,31131
13,1,31137
11,,31137
2,1,31139
1,,31139
51,,31141
101,1,31141
8,,31145
11,1,31145
13,1,31147
7,,31147
44,1,31151
12,,31151
738,1,31153
315,,31153
13,,31155
40,1,31155
122,1,31157
47,,31157
40,,31159
33,1,31159
5,1,31167
1,1,31169
8,1,31173
6,,31173
5,,31175
2,1,31175
89,1,31177
34,,31177
20,1,31179
12,,31179
3,1,31181
10,,31181
27,1,31185
11,,31185
116,,32001
160,1,32001
28068,1,32003
11373,,32003
706,1,32005
190,,32005
333,1,32007
150,,32007
64,1,32013
29,,32013
1,,32015
16,1,32015
3,1,32017
603,1,32019
217,,32019
14,1,32021
4,,32021
468,1,32023
201,,32023
3,,32027
14,1,32027
3485,,32031
11190,1,32031
7,1,32033
7,,32033
201,,32510
568,1,32510
932,1,33001
253,,33001
224,,33003
781,1,33003
1323,1,33005
294,,33005
265,1,33007
47,,33007
1126,1,33009
263,,33009
4514,1,33011
1404,,33011
1661,1,33013
437,,33013
3034,1,33015
969,,33015
1959,1,33017
625,,33017
88,,33019
292,1,33019
2470,1,34001
786,,34001
2920,,34003
8062,1,34003
1112,,34005
3217,1,34005
2869,1,34007
839,,34007
1429,1,34009
540,,34009
981,1,34011
297,,34011
6186,1,34013
1826,,34013
2410,1,34015
887,,34015
5603,1,34017
1660,,34017
426,,34019
994,1,34019
1112,,34021
4536,1,34021
6744,1,34023
2380,,34023
4530,1,34025
2082,,34025
5360,1,34027
1743,,34027
3247,1,34029
1707,,34029
3416,1,34031
1357,,34031
48,,34033
108,1,34033
3227,1,34035
934,,34035
1486,1,34037
878,,34037
4074,1,34039
1160,,34039
1463,1,34041
1708,,34041
5701,1,35001
1701,,35001
150,1,35005
100,,35005
1,,35006
5,1,35006
12,,35007
26,1,35007
182,1,35009
75,,35009
574,1,35013
152,,35013
120,1,35015
39,,35015
40,1,35017
6,,35017
10,1,35019
1,,35019
46,1,35023
13,,35023
151,1,35025
101,,35025
53,1,35027
53,,35027
175,1,35028
38,,35028
14,1,35029
9,,35029
72,1,35031
21,,35031
4,1,35033
1,,35033
78,,35035
130,1,35035
6,1,35037
2,,35037
3,1,35039
43,1,35041
13,,35041
864,1,35043
298,,35043
83,,35045
206,1,35045
16,,35047
39,1,35047
994,1,35049
150,,35049
19,1,35051
20,,35051
9,,35053
23,1,35053
129,1,35055
16,,35055
12,,35057
11,1,35057
2,1,35059
8,,35059
22,,35061
47,1,35061
2735,1,36001
621,,36001
23,,36003
106,1,36003
1579,1,36007
414,,36007
52,,36009
148,1,36009
373,1,36011
78,,36011
691,1,36013
243,,36013
436,1,36015
148,,36015
509,1,36017
173,,36017
478,1,36019
109,,36019
136,,36021
664,1,36021
199,1,36023
30,,36023
172,1,36025
61,,36025
2615,1,36027
816,,36027
9861,1,36029
2925,,36029
324,1,36031
93,,36031
51,,36033
145,1,36033
473,1,36035
113,,36035
197,1,36037
66,,36037
318,1,36039
117,,36039
12,1,36041
4,,36041
221,1,36043
57,,36043
386,1,36045
125,,36045
18,1,36049
3,,36049
179,1,36051
65,,36051
212,1,36053
83,,36053
5793,1,36055
1650,,36055
172,1,36057
65,,36057
11169,1,36059
4643,,36059
109964,1,36061
27594,,36061
940,1,36063
344,,36063
1221,1,36065
381,,36065
3072,1,36067
791,,36067
191,,36069
553,1,36069
2736,1,36071
993,,36071
153,1,36073
60,,36073
457,1,36075
143,,36075
95,,36077
313,1,36077
540,1,36079
244,,36079
283,,36083
926,1,36083
934,,36087
2185,1,36087
125,,36089
532,1,36089
1729,1,36091
575,,36091
315,,36093
980,1,36093
74,1,36095
36,,36095
56,1,36097
19,,36097
134,1,36099
45,,36099
335,1,36101
125,,36101
12988,1,36103
5117,,36103
405,1,36105
151,,36105
65,,36107
141,1,36107
1386,1,36109
198,,36109
1497,1,36111
479,,36111
173,,36113
493,1,36113
124,1,36115
46,,36115
351,1,36117
167,,36117
9769,1,36119
2749,,36119
76,1,36121
22,,36121
17,,36123
111,1,36123
297,,37001
895,1,37001
160,1,37003
45,,37003
75,1,37005
25,,37005
251,1,37007
53,,37007
348,1,37009
64,,37009
225,1,37011
71,,37011
291,1,37013
62,,37013
16,1,37015
8,,37015
139,1,37017
46,,37017
1449,1,37019
326,,37019
4443,1,37021
696,,37021
145,,37023
530,1,37023
413,,37025
1496,1,37025
577,1,37027
93,,37027
63,1,37029
35,,37029
883,1,37031
171,,37031
21,1,37033
1,,37033
322,,37035
1446,1,37035
433,1,37037
102,,37037
9,,37039
111,1,37039
98,1,37041
15,,37041
28,1,37043
11,,37043
428,1,37045
79,,37045
18,,37047
129,1,37047
968,1,37049
333,,37049
2438,1,37051
700,,37051
459,1,37053
113,,37053
697,1,37055
243,,37055
794,1,37057
266,,37057
404,1,37059
133,,37059
143,1,37061
26,,37061
4303,1,37063
690,,37063
111,1,37065
27,,37065
2611,1,37067
625,,37067
188,1,37069
34,,37069
1032,1,37071
269,,37071
4,1,37073
1,,37073
10,1,37075
3,,37075
221,1,37077
69,,37077
70,1,37079
18,,37079
5060,1,37081
996,,37081
52,,37083
215,1,37083
484,1,37085
109,,37085
554,1,37087
129,,37087
974,1,37089
188,,37089
71,1,37091
21,,37091
35,,37093
160,1,37093
23,1,37095
4,,37095
438,,37097
1692,1,37097
352,1,37099
81,,37099
1304,1,37101
320,,37101
8,1,37103
5,,37103
988,1,37105
199,,37105
84,,37107
299,1,37107
154,,37109
636,1,37109
239,1,37111
59,,37111
554,1,37113
143,,37113
28,,37115
101,1,37115
19,,37117
94,1,37117
12412,1,37119
2812,,37119
61,1,37121
29,,37121
72,1,37123
11,,37123
677,1,37125
216,,37125
1012,1,37127
175,,37127
2223,1,37129
610,,37129
8,,37131
51,1,37131
1185,1,37133
350,,37133
315,,37135
2416,1,37135
40,1,37137
9,,37137
293,1,37139
36,,37139
445,1,37141
117,,37141
25,1,37143
7,,37143
264,1,37145
63,,37145
2264,1,37147
774,,37147
78,1,37149
60,,37149
276,,37151
720,1,37151
316,1,37153
48,,37153
104,,37155
312,1,37155
475,1,37157
162,,37157
1196,1,37159
292,,37159
77,,37161
439,1,37161
319,1,37163
80,,37163
147,1,37165
42,,37165
338,1,37167
78,,37167
231,1,37169
71,,37169
718,1,37171
142,,37171
102,1,37173
36,,37173
470,1,37175
70,,37175
13,1,37177
1372,1,37179
392,,37179
172,1,37181
48,,37181
11208,1,37183
2546,,37183
28,1,37185
6,,37185
27,1,37187
3,,37187
887,1,37189
189,,37189
493,1,37191
167,,37191
390,1,37193
129,,37193
474,1,37195
109,,37195
115,1,37197
61,,37197
152,1,37199
44,,37199
5,1,38001
16,,38001
5,,38003
23,1,38003
25,1,38005
9,1,38009
4,,38009
16,1,38011
9,,38011
435,1,38015
135,,38015
1091,1,38017
397,,38017
3,1,38019
4,,38019
25,1,38021
9,,38021
10,1,38025
4,,38025
2,1,38027
1,,38027
5,1,38031
1,,38031
184,,38035
688,1,38035
33,1,38053
28,,38053
36,1,38057
21,,38057
18,1,38059
5,,38059
13,1,38061
2,,38061
14,1,38067
6,,38067
7,1,38069
3,,38069
23,1,38071
7,,38071
17,1,38073
2,,38073
24,1,38077
12,,38077
27,1,38079
7,,38079
5,1,38081
2,,38081
53,,38089
129,1,38089
25,,38093
60,1,38093
2,1,38097
2,,38097
9,1,38099
4,,38099
242,1,38101
110,,38101
47,,38105
129,1,38105
49,1,39001
71,,39001
911,,39003
1078,1,39003
732,1,39005
954,,39005
1015,1,39007
1588,,39007
1020,1,39009
646,,39009
505,1,39011
373,,39011
257,1,39013
506,,39013
165,1,39015
442,,39015
13896,,39017
5351,1,39017
83,1,39019
195,,39019
298,,39021
489,1,39021
1362,1,39023
1211,,39023
2495,1,39025
2427,,39025
1228,,39027
655,1,39027
589,1,39029
814,,39029
581,1,39031
891,,39031
565,1,39033
1334,,39033
18169,1,39035
17088,,39035
365,1,39037
287,,39037
502,1,39039
388,,39039
2407,1,39041
4105,,39041
1325,1,39043
1546,,39043
1490,1,39045
3753,,39045
712,,39047
202,1,39047
22590,1,39049
33061,,39049
447,1,39051
522,,39051
1037,1,39053
798,,39053
1140,1,39055
791,,39055
1875,1,39057
1727,,39057
219,1,39059
276,,39059
14592,1,39061
13224,,39061
1946,,39063
718,1,39063
265,1,39065
402,,39065
16,1,39067
19,,39067
284,1,39069
479,,39069
251,1,39071
211,,39071
670,1,39073
2484,,39073
185,1,39075
146,,39075
812,1,39077
1217,,39077
487,,39079
152,1,39079
241,,39081
309,1,39081
704,1,39083
1378,,39083
2410,1,39085
6168,,39085
301,,39087
227,1,39087
4070,,39089
1865,1,39089
457,1,39091
556,,39091
5109,1,39093
6276,,39093
6413,1,39095
6170,,39095
251,1,39097
274,,39097
3389,1,39099
2269,,39099
690,1,39101
2318,,39101
4221,1,39103
7284,,39103
19,,39105
4,1,39105
484,1,39107
828,,39107
1099,1,39109
959,,39109
29,,39111
43,1,39111
8558,,39113
6688,1,39113
56,,39115
51,1,39115
162,1,39117
204,,39117
794,1,39119
2206,,39119
43,1,39121
25,,39121
1187,1,39123
1393,,39123
39,,39125
52,1,39125
56,1,39127
95,,39127
544,1,39129
579,,39129
135,1,39131
545,,39131
2217,1,39133
1996,,39133
200,1,39135
233,,39135
332,1,39137
284,,39137
1691,1,39139
2174,,39139
1048,1,39141
2859,,39141
768,1,39143
770,,39143
410,1,39145
437,,39145
396,,39147
481,1,39147
427,1,39149
448,,39149
4642,1,39151
6349,,39151
8426,1,39153
9242,,39153
2006,1,39155
2129,,39155
938,1,39157
1023,,39157
519,1,39159
612,,39159
440,,39161
121,1,39161
27,1,39163
20,,39163
3745,1,39165
5210,,39165
621,,39167
789,1,39167
1453,1,39169
2541,,39169
234,1,39171
257,,39171
1838,1,39173
2644,,39173
253,1,39175
282,,39175
2,,40001
8,1,40001
6,1,40005
1,,40005
4,1,40007
1,,40007
46,1,40009
27,,40009
2,1,40011
67,,40013
73,1,40013
10,1,40015
9,,40015
190,1,40017
131,,40017
77,1,40019
73,,40019
99,1,40021
59,,40021
7,1,40023
1,,40023
1045,1,40027
413,,40027
412,1,40031
205,,40031
2,1,40033
1,,40033
15,1,40035
9,,40035
142,1,40037
97,,40037
22,,40039
40,1,40039
103,1,40041
52,,40041
174,1,40047
94,,40047
31,1,40049
26,,40049
63,1,40051
36,,40051
6,,40061
5,1,40061
6,1,40063
74,1,40065
30,,40065
7,1,40069
4,,40069
88,1,40071
40,,40071
78,1,40073
57,,40073
3,,40077
3,1,40077
47,1,40079
42,,40079
26,,40081
16,1,40081
72,1,40083
37,,40083
7,,40085
20,1,40085
144,1,40087
87,,40087
51,1,40089
40,,40089
7,1,40091
8,,40091
2,,40093
4,1,40093
2,,40095
7,1,40095
36,,40097
47,1,40097
41,1,40099
23,,40099
239,1,40101
102,,40101
11,1,40103
1,,40103
2,,40105
1,1,40107
3788,1,40109
1698,,40109
70,1,40111
26,,40111
93,,40113
150,1,40113
35,1,40115
33,,40115
2,,40117
15,1,40117
355,1,40119
132,,40119
87,1,40121
38,,40121
98,1,40123
63,,40123
96,1,40125
81,,40125
3,1,40127
3,,40127
102,,40131
111,1,40131
17,1,40133
10,,40133
18,1,40135
14,,40135
81,1,40137
64,,40137
44,1,40139
28,,40139
7,1,40141
2580,1,40143
955,,40143
403,,40145
778,1,40145
154,,40147
156,1,40147
1,,40149
8,,40151
7,1,40151
35,1,40153
15,,40153
13,1,41001
9,,41001
227,,41003
778,1,41003
2278,1,41005
708,,41005
276,1,41007
80,,41007
84,1,41009
35,,41009
322,1,41011
102,,41011
54,1,41013
11,,41013
110,1,41015
35,,41015
344,,41017
1408,1,41017
357,1,41019
137,,41019
13,1,41023
1,,41023
15,1,41025
310,1,41027
80,,41027
558,,41029
1746,1,41029
27,1,41031
14,,41031
416,1,41033
179,,41033
193,1,41035
124,,41035
9,1,41037
7,,41037
704,,41039
2660,1,41039
530,1,41041
110,,41041
402,1,41043
117,,41043
44,1,41045
9,,41045
587,,41047
1347,1,41047
4,1,41049
18,,41049
12346,1,41051
2660,,41051
161,1,41053
51,,41053
239,1,41057
74,,41057
191,1,41059
57,,41059
103,1,41061
50,,41061
3,,41063
24,1,41063
152,1,41065
44,,41065
4378,1,41067
1191,,41067
486,1,41071
164,,41071
1436,1,42001
1734,,42001
20384,1,42003
15750,,42003
192,,42005
257,1,42005
931,1,42007
753,,42007
201,1,42009
179,,42009
4051,1,42011
3647,,42011
2344,1,42013
1718,,42013
1226,1,42015
768,,42015
11283,1,42017
12507,,42017
2539,1,42019
3952,,42019
864,,42021
1155,1,42021
29,1,42023
21,,42023
540,1,42025
1325,,42025
2090,1,42027
1563,,42027
9062,1,42029
15866,,42029
107,1,42031
116,,42031
452,1,42033
376,,42033
138,1,42035
138,,42035
623,1,42037
613,,42037
1039,,42039
1068,1,42039
3744,1,42041
2278,,42041
2421,,42043
4403,1,42043
9523,1,42045
7534,,42045
481,1,42047
450,,42047
4151,1,42049
5302,,42049
1401,1,42051
2187,,42051
1050,1,42055
1142,,42055
3,,42057
562,1,42059
1272,,42059
303,,42061
336,1,42061
495,1,42063
326,,42063
189,,42065
322,1,42065
202,1,42067
102,,42067
2225,1,42069
2325,,42069
6654,1,42071
23303,,42071
770,1,42073
616,,42073
798,1,42075
713,,42075
5857,1,42077
11928,,42077
5186,1,42079
4954,,42079
833,1,42081
679,,42081
198,1,42083
190,,42083
1292,1,42085
1872,,42085
173,,42087
319,1,42087
1967,1,42089
3066,,42089
13372,1,42091
15423,,42091
173,,42093
329,1,42093
5752,1,42095
6374,,42095
806,1,42097
1021,,42097
227,1,42099
324,,42099
28764,1,42101
29794,,42101
226,1,42103
177,,42103
58,1,42105
45,,42105
1416,,42107
1969,1,42107
287,,42109
356,1,42109
385,1,42111
406,,42111
345,1,42115
245,,42115
209,,42117
332,1,42117
613,1,42119
498,,42119
1258,1,42121
795,,42121
259,1,42123
1117,,42123
1931,1,42125
4347,,42125
370,,42127
462,1,42127
7524,,42129
3958,1,42129
507,1,42131
391,,42131
3310,1,42133
5130,,42133
465,1,44001
144,,44001
1156,1,44003
363,,44003
842,1,44005
267,,44005
4130,1,44007
1302,,44007
1298,1,44009
324,,44009
52,1,45001
52,,45001
633,1,45003
299,,45003
1,1,45005
1,,45005
522,1,45007
341,,45007
11,1,45009
3,,45009
25,1,45011
29,,45011
497,,45013
1225,1,45013
385,1,45015
230,,45015
1722,1,45019
619,,45019
135,1,45021
78,,45021
33,,45023
69,1,45023
54,,45025
87,1,45025
44,1,45027
17,,45027
120,1,45029
57,,45029
77,,45031
106,1,45031
20,,45033
38,1,45033
397,1,45035
197,,45035
3,1,45037
1,,45037
64,1,45039
20,,45039
405,1,45041
201,,45041
342,1,45043
126,,45043
2530,1,45045
1304,,45045
99,,45047
203,1,45047
45,1,45049
9,,45049
2173,1,45051
1032,,45051
66,1,45053
29,,45053
153,,45055
287,1,45055
129,,45057
243,1,45057
120,1,45059
81,,45059
10,1,45061
6,,45061
906,1,45063
563,,45063
29,1,45065
21,,45065
17,1,45067
11,,45067
4,,45069
18,1,45069
30,1,45071
13,,45071
209,1,45073
90,,45073
115,1,45075
33,,45075
195,,45077
426,1,45077
543,,45079
1606,1,45079
15,1,45081
24,,45081
536,,45083
1269,1,45083
326,1,45085
194,,45085
13,1,45087
13,,45087
5,,45089
22,1,45089
1439,1,45091
706,,45091
3,1,46003
41,1,46005
28,,46005
15,1,46009
1,,46009
178,1,46011
57,,46011
188,1,46013
71,,46013
12,1,46015
8,,46015
22,1,46019
24,,46019
4,1,46021
11,,46021
10,1,46023
11,,46023
56,1,46027
14,,46027
52,,46029
117,1,46029
2,1,46031
2,,46031
65,1,46033
27,,46033
80,1,46035
19,,46035
3,1,46039
3,,46039
6,1,46041
6,,46041
29,1,46047
6,,46047
18,1,46051
17,,46051
3,1,46053
3,,46057
13,1,46057
9,,46065
50,1,46065
7,1,46067
11,1,46069
5,,46069
5,1,46071
3,,46071
2,1,46075
4,,46075
30,1,46079
5,,46079
37,,46081
79,1,46081
12,,46083
92,1,46083
1,1,46085
1,,46085
34,1,46087
3,,46087
2,1,46089
1,,46089
12,,46093
17,1,46093
460,,46099
1347,1,46099
3,,46101
4,1,46101
207,,46103
444,1,46103
5,1,46107
3,,46107
16,1,46109
12,,46109
16,1,46113
4,,46113
22,1,46119
4,,46119
11,1,46121
3,,46121
94,1,46123
6,,46123
2,1,46125
13,,46127
44,1,46127
12,1,46129
8,,46129
88,1,46135
26,,46135
236,1,47001
95,,47001
69,,47003
97,1,47003
15,1,47005
9,,47005
13,1,47007
7,,47007
365,1,47009
235,,47009
342,1,47011
167,,47011
32,,47013
54,1,47013
7,,47015
28,1,47015
41,1,47017
18,,47017
49,,47019
108,1,47019
30,,47021
182,1,47021
38,1,47023
20,,47023
104,1,47025
45,,47025
30,1,47027
12,,47027
38,1,47029
37,,47029
231,1,47031
95,,47031
10,1,47033
18,,47033
205,1,47035
113,,47035
5569,1,47037
1747,,47037
16,1,47039
5,,47039
74,1,47041
20,,47041
42,,47043
79,1,47043
81,1,47045
58,,47045
34,,47047
49,1,47047
20,1,47049
16,,47049
45,1,47051
12,,47051
114,1,47053
53,,47053
22,,47055
43,1,47055
60,1,47057
14,,47057
63,,47059
86,1,47059
22,1,47061
19,,47061
260,1,47063
140,,47063
1865,1,47065
756,,47065
13,1,47067
8,,47067
9,1,47069
6,,47069
274,1,47071
118,,47071
23,,47073
49,1,47073
111,,47075
249,1,47075
62,1,47077
34,,47077
44,,47079
122,1,47079
10,1,47081
6,,47081
31,1,47083
54,,47083
25,1,47085
6,,47085
3,,47087
4,1,47087
82,1,47089
63,,47089
25,,47091
45,1,47091
2032,1,47093
748,,47093
1,1,47095
18,1,47097
10,,47097
41,,47099
57,1,47099
19,1,47101
8,,47101
45,1,47103
23,,47103
106,1,47105
64,,47105
94,1,47107
33,,47107
18,1,47109
5,,47109
42,1,47111
39,,47111
407,1,47113
164,,47113
90,1,47115
44,,47115
35,,47117
66,1,47117
474,1,47119
214,,47119
4,1,47121
94,1,47123
95,,47123
766,1,47125
283,,47125
6,1,47127
5,,47127
15,1,47129
9,,47129
54,1,47131
15,,47131
219,1,47133
98,,47133
8,1,47135
2,,47135
2,,47137
7,1,47137
18,1,47139
4,,47139
238,,47141
380,1,47141
131,1,47143
62,,47143
70,1,47145
43,,47145
95,1,47147
55,,47147
973,1,47149
406,,47149
50,1,47151
32,,47151
28,,47153
82,1,47153
580,1,47155
288,,47155
3197,1,47157
1028,,47157
30,1,47159
4,,47159
9,1,47161
7,,47161
740,1,47163
425,,47163
425,1,47165
221,,47165
37,,47167
97,1,47167
1,1,47169
2,,47169
58,1,47171
18,,47171
16,1,47173
7,,47173
7,1,47175
3,,47175
78,,47177
76,1,47177
823,1,47179
477,,47179
40,1,47181
28,,47181
102,1,47183
28,,47183
88,1,47185
30,,47185
1018,1,47187
339,,47187
467,1,47189
255,,47189
93,1,48001
34,,48001
21,1,48003
18,,48003
290,1,48005
151,,48005
51,1,48007
56,,48007
5,1,48009
8,,48009
27,1,48013
14,,48013
34,1,48015
21,,48015
6,1,48017
4,,48017
19,,48019
19,1,48019
204,1,48021
96,,48021
3,,48023
8,1,48023
38,1,48025
13,,48025
1144,1,48027
532,,48027
6634,,48029
13910,1,48029
20,1,48031
8,,48031
415,1,48033
168,,48033
14,1,48035
5,,48035
198,,48037
345,1,48037
862,1,48039
364,,48039
1321,1,48041
512,,48041
49,1,48043
17,,48043
9,,48047
20,1,48047
63,,48049
120,1,48049
1,1,48051
6,,48051
105,1,48053
58,,48053
29,1,48055
20,,48055
55,1,48057
19,,48057
13,,48059
25,1,48059
1535,1,48061
574,,48061
9,1,48063
6,,48063
5,1,48067
9,,48067
27,1,48069
8,,48069
116,1,48071
48,,48071
59,1,48073
35,,48073
7,,48075
4,1,48075
1,,48077
9,1,48083
5,,48083
5472,1,48085
2381,,48085
11,1,48089
5,,48089
938,1,48091
423,,48091
28,,48093
20,1,48093
1,1,48095
101,1,48097
82,,48097
210,1,48099
102,,48099
9,1,48101
6,,48101
5,1,48105
5,,48105
7,1,48107
3,,48107
3,1,48109
5,,48109
25,1,48111
8,,48111
26438,1,48113
10587,,48113
22,1,48115
5,,48115
11,,48117
12,1,48117
4348,1,48121
1483,,48121
5,1,48123
7,,48123
5,,48127
10,1,48127
5,1,48129
4,,48133
35,1,48133
438,1,48135
179,,48135
1,1,48137
399,1,48139
245,,48139
1786,,48141
5054,1,48141
106,1,48143
83,,48143
1,,48145
5,1,48145
39,1,48147
16,,48147
60,1,48149
39,,48149
1,1,48153
2,,48153
3021,1,48157
1219,,48157
8,1,48159
6,,48159
52,1,48161
26,,48161
20,1,48163
10,,48163
20,1,48165
12,,48165
1219,1,48167
571,,48167
1,1,48169
29,,48171
54,1,48171
2,1,48175
2,,48175
16,,48177
11,1,48177
27,1,48179
33,,48179
425,1,48181
175,,48181
415,1,48183
225,,48183
8,,48185
45,1,48185
395,1,48187
158,,48187
66,1,48189
34,,48189
1,1,48191
24,1,48193
10,,48193
3,1,48195
4,,48195
76,1,48199
58,,48199
24859,1,48201
9959,,48201
125,1,48203
59,,48203
4,,48207
6,1,48207
1076,1,48209
379,,48209
2,1,48211
3,,48211
184,1,48213
114,,48213
3037,1,48215
1267,,48215
87,1,48217
57,,48217
51,1,48219
23,,48219
271,1,48221
93,,48221
39,,48223
76,1,48223
26,1,48225
12,,48225
68,1,48227
36,,48227
203,1,48231
118,,48231
20,1,48233
18,,48233
11,1,48239
3,,48239
8,,48241
25,1,48241
638,1,48245
340,,48245
90,1,48249
48,,48249
333,1,48251
169,,48251
5,1,48253
2,,48253
7,1,48255
4,,48255
254,1,48257
143,,48257
88,,48259
156,1,48259
217,1,48265
120,,48265
9,1,48267
5,,48267
101,1,48273
46,,48273
171,1,48277
52,,48277
10,1,48279
9,,48279
49,1,48281
18,,48281
5,1,48283
3,,48283
5,1,48285
4,,48285
8,,48287
19,1,48287
21,,48289
31,1,48289
52,1,48291
41,,48291
27,,48293
19,1,48293
21,1,48297
8,,48297
70,1,48299
64,,48299
1097,1,48303
392,,48303
1,1,48305
19,1,48307
5,,48307
790,1,48309
407,,48309
8,1,48313
7,,48313
4,1,48317
2,,48317
10,1,48319
7,,48319
84,1,48321
30,,48321
186,1,48323
86,,48323
53,1,48325
29,,48325
412,1,48329
252,,48329
9,1,48331
12,,48331
5,1,48333
4,,48333
7,1,48335
9,1,48337
6,,48337
1964,1,48339
1048,,48339
26,,48341
25,1,48341
6,1,48343
8,,48343
218,1,48347
76,,48347
21,,48349
37,1,48349
1,,48351
74,1,48353
15,,48353
1224,1,48355
686,,48355
31,1,48357
42,,48357
1,,48359
201,1,48361
108,,48361
81,1,48363
20,,48363
5,1,48365
23,,48365
239,1,48367
159,,48367
33,1,48369
6,,48369
21,1,48371
17,,48371
86,1,48373
42,,48373
756,1,48375
512,,48375
38,,48377
35,1,48377
7,1,48379
15,,48379
74,1,48381
27,,48381
2,1,48383
6,,48383
11,1,48385
21,,48385
5,1,48387
34,1,48389
19,,48389
3,1,48391
1,,48391
11,1,48395
3,,48395
357,1,48397
191,,48397
3,1,48399
1,,48399
63,1,48401
42,,48401
1,,48403
36,1,48407
76,,48407
91,,48409
136,1,48409
1,,48411
13,1,48411
28,1,48415
15,,48415
14,1,48419
8,,48419
1,1,48421
2,,48421
840,1,48423
413,,48423
43,1,48425
47,,48425
175,1,48427
103,,48427
11,,48429
4,1,48429
1,,48437
8231,1,48439
3258,,48439
903,1,48441
407,,48441
15,1,48445
16,,48445
81,1,48449
25,,48449
452,1,48451
225,,48451
3386,,48453
13518,1,48453
42,,48455
53,1,48455
11,1,48457
3,,48457
73,1,48459
107,,48459
16,1,48461
3,,48461
45,1,48463
15,,48463
80,1,48465
54,,48465
41,1,48467
37,,48467
294,1,48469
120,,48469
153,1,48471
76,,48471
400,1,48473
237,,48473
26,1,48475
10,,48475
58,1,48477
34,,48477
1480,1,48479
722,,48479
41,,48481
49,1,48481
1,,48483
406,1,48485
192,,48485
11,1,48487
11,,48487
32,1,48489
8,,48489
941,,48491
2444,1,48491
60,1,48493
48,,48493
5,1,48495
1,,48495
43,,48497
59,1,48497
100,1,48499
58,,48499
1,1,48501
3,,48501
43,1,48503
33,,48503
10,1,48505
7,,48505
5,1,48507
4,,48507
8,1,49001
2,,49001
64,1,49003
42,,49003
441,1,49005
180,,49005
49,1,49007
31,,49007
871,1,49011
483,,49011
1,,49013
4,1,49013
8,1,49015
7,,49015
39,1,49017
24,,49017
29,,49019
116,1,49019
183,1,49021
98,,49021
6,1,49023
3,,49023
67,1,49025
19,,49025
18,1,49027
13,,49027
15,1,49029
4,,49029
17,1,49033
7330,1,49035
2747,,49035
15,1,49037
3,,49037
93,1,49039
41,,49039
18,1,49041
14,,49041
371,1,49043
82,,49043
107,1,49045
58,,49045
63,1,49047
51,,49047
2155,1,49049
1070,,49049
34,1,49051
18,,49051
1321,1,49053
847,,49053
1,,49055
9,1,49055
670,1,49057
315,,49057
15,,50001
165,1,50001
159,1,50003
33,,50003
119,1,50005
32,,50005
2088,1,50007
418,,50007
157,1,50011
38,,50011
158,1,50013
20,,50013
447,1,50015
100,,50015
101,1,50017
29,,50017
95,1,50019
23,,50019
270,1,50021
64,,50021
566,1,50023
106,,50023
337,1,50025
57,,50025
358,1,50027
67,,50027
141,1,51001
46,,51001
252,1,51003
93,,51003
49,1,51005
7,,51005
43,1,51007
41,,51007
67,1,51009
25,,51009
9,1,51011
9,,51011
5436,1,51013
960,,51013
42,1,51015
22,,51015
10,1,51017
1,,51017
353,1,51019
131,,51019
1,,51021
1,1,51021
105,1,51023
40,,51023
46,1,51025
24,,51025
31,1,51027
15,,51027
9,1,51029
3,,51029
103,1,51031
70,,51031
10,1,51033
1,,51033
74,1,51035
15,,51035
3,1,51037
2,,51037
1857,1,51041
610,,51041
20,1,51043
7,,51043
348,1,51047
163,,51047
8,,51049
5,,51051
5,1,51051
46,1,51057
20,,51057
13864,1,51059
3711,,51059
240,1,51061
99,,51061
131,1,51063
40,,51063
50,,51065
187,1,51065
202,1,51067
93,,51067
18,,51069
45,1,51069
28,1,51071
5,,51071
191,1,51073
73,,51073
19,1,51075
9,,51075
1,,51077
13,1,51077
112,1,51079
40,,51079
1,1,51081
59,1,51083
12,,51083
326,1,51085
140,,51085
1748,1,51087
624,,51087
63,1,51089
34,,51089
126,1,51093
61,,51093
20,1,51095
6,,51095
149,1,51099
61,,51099
47,1,51101
14,,51101
42,1,51103
8,,51103
9,,51105
63,1,51105
3539,1,51107
1425,,51107
21,1,51109
7,,51109
5,1,51111
2,,51111
2,1,51113
7,,51113
5,,51115
27,1,51115
29,,51117
59,1,51117
25,1,51119
9,,51119
842,1,51121
269,,51121
44,1,51125
4,,51125
68,1,51127
21,,51127
5556,1,51131
1008,,51131
5,1,51133
1,,51133
55,1,51135
25,,51135
85,1,51137
27,,51137
635,1,51139
201,,51139
42,1,51141
6,,51141
49,,51143
74,1,51143
104,1,51145
46,,51145
106,1,51147
32,,51147
53,1,51149
29,,51149
2571,1,51153
1096,,51153
17,,51155
50,1,51155
23,1,51157
11,,51157
2311,1,51159
626,,51159
1268,1,51161
328,,51161
261,1,51163
125,,51163
140,,51165
293,1,51165
50,1,51167
31,,51167
50,,51169
42,1,51169
169,1,51171
73,,51171
52,1,51173
15,,51173
3,1,51175
203,1,51177
120,,51177
329,,51179
736,1,51179
1,1,51183
1,,51183
42,1,51185
49,,51185
101,,51187
146,1,51187
122,1,51191
57,,51191
24,1,51193
11,,51193
61,1,51195
23,,51195
32,,51197
128,1,51197
4440,1,51510
1226,,51510
137,1,51520
119,,51520
27,1,51530
25,,51530
2319,1,51540
502,,51540
1515,1,51550
478,,51550
108,1,51570
46,,51570
28,,51580
95,1,51580
184,1,51590
63,,51590
8,,51595
37,1,51595
187,1,51610
27,,51610
635,1,51630
347,,51630
68,1,51640
23,,51640
260,,51650
650,1,51650
382,1,51660
150,,51660
46,1,51670
22,,51670
105,1,51678
48,,51678
225,,51680
423,1,51680
535,1,51683
218,,51683
90,1,51685
32,,51685
113,1,51690
33,,51690
1489,1,51700
431,,51700
1102,1,51710
406,,51710
4,,51720
20,1,51720
84,1,51730
39,,51730
144,1,51735
52,,51735
643,1,51740
104,,51740
36,1,51750
26,,51750
260,1,51775
87,,51775
171,1,51790
48,,51790
542,1,51800
215,,51800
1246,,51810
4357,1,51810
263,1,51820
74,,51820
689,1,51830
243,,51830
409,1,51840
205,,51840
30,1,53001
18,,53001
5,1,53003
1,,53003
1139,1,53005
564,,53005
558,1,53007
301,,53007
154,,53009
375,1,53009
1899,1,53011
717,,53011
1,1,53013
5,,53013
245,1,53015
75,,53015
112,1,53017
73,,53017
7,1,53019
3,,53019
204,1,53021
123,,53021
226,1,53025
174,,53025
180,1,53027
67,,53027
830,1,53029
212,,53029
51,,53031
303,1,53031
7111,,53033
31648,1,53033
1287,1,53035
516,,53035
288,1,53037
118,,53037
14,,53039
73,1,53039
154,1,53041
47,,53041
8,1,53043
5,,53043
257,1,53045
71,,53045
90,,53047
137,1,53047
75,1,53049
34,,53049
13,1,53051
7,,53051
3962,1,53053
1484,,53053
212,1,53055
71,,53055
400,1,53057
137,,53057
51,1,53059
4,,53059
4092,1,53061
1443,,53061
2552,1,53063
1025,,53063
5,,53065
42,1,53065
1556,1,53067
465,,53067
1,1,53069
363,1,53071
133,,53071
1075,1,53073
297,,53073
103,,53075
460,1,53075
410,,53077
1101,1,53077
30,1,54001
10,,54001
528,1,54003
257,,54003
1,,54005
23,1,54005
6,1,54007
1,,54007
4,1,54009
9,,54009
890,1,54011
450,,54011
189,1,54019
92,,54019
5,1,54023
6,,54023
33,1,54025
12,,54025
10,1,54027
2,,54027
203,1,54029
57,,54029
50,1,54031
5,,54031
320,1,54033
152,,54033
94,1,54035
42,,54035
235,1,54037
106,,54037
1147,1,54039
422,,54039
28,1,54041
18,,54041
86,1,54043
15,,54043
26,1,54045
12,,54045
15,1,54047
2,,54047
274,1,54049
116,,54049
27,,54051
58,1,54051
33,,54053
65,1,54053
289,1,54055
104,,54055
25,1,54057
9,,54057
69,1,54059
38,,54059
663,1,54061
176,,54061
30,1,54067
15,,54067
156,,54069
305,1,54069
1,,54073
29,1,54075
17,,54075
87,1,54077
26,,54077
267,1,54079
101,,54079
84,,54081
223,1,54081
96,1,54083
31,,54083
41,1,54085
19,,54085
5,,54087
5,1,54087
5,1,54089
1,,54089
15,1,54091
11,,54091
25,1,54093
3,,54093
68,1,54097
37,,54097
9,1,54099
5,,54099
2,1,54101
1,,54101
50,1,54103
26,,54103
545,1,54107
253,,54107
60,1,54109
15,,54109
80,1,55001
67,,55001
60,1,55003
39,,55003
182,1,55005
109,,55005
93,1,55007
36,,55007
1041,1,55009
800,,55009
18,1,55011
16,,55011
28,1,55013
22,,55013
52,1,55015
54,,55015
155,1,55017
110,,55017
27,1,55019
19,,55019
282,1,55021
205,,55021
87,1,55023
33,,55023
7342,1,55025
3161,,55025
174,1,55027
158,,55027
261,1,55029
124,,55029
176,1,55031
91,,55031
185,1,55033
150,,55033
702,1,55035
586,,55035
344,,55039
379,1,55039
2,,55041
10,1,55041
188,1,55043
134,,55043
87,1,55045
34,,55045
28,1,55047
24,,55047
58,1,55049
36,,55049
20,1,55051
6,,55051
175,1,55053
136,,55053
221,1,55055
181,,55055
133,,55057
133,1,55057
514,,55059
597,1,55059
70,1,55061
37,,55061
1037,1,55063
671,,55063
25,1,55065
14,,55065
47,1,55067
18,,55067
55,1,55069
75,,55069
135,,55071
163,1,55071
399,,55073
469,1,55073
109,1,55075
83,,55075
60,1,55077
44,,55077
9,1,55078
6,,55078
4415,1,55079
2756,,55079
249,1,55081
135,,55081
49,1,55083
34,,55083
135,,55085
198,1,55085
756,1,55087
564,,55087
459,1,55089
242,,55089
15,,55091
29,1,55091
117,1,55093
54,,55093
114,,55095
152,1,55095
351,1,55097
196,,55097
31,1,55099
27,,55099
490,,55101
581,1,55101
56,1,55103
33,,55103
713,1,55105
547,,55105
36,1,55107
36,,55107
395,1,55109
189,,55109
309,,55111
448,1,55111
72,1,55113
47,,55113
71,1,55115
74,,55115
475,,55117
560,1,55117
13,1,55119
19,,55119
86,1,55121
63,,55121
76,,55123
103,1,55123
56,1,55125
34,,55125
482,1,55127
436,,55127
16,,55129
32,1,55129
376,1,55131
338,,55131
1717,1,55133
1351,,55133
158,1,55135
135,,55135
73,1,55137
77,,55137
453,,55139
557,1,55139
392,1,55141
278,,55141
257,1,56001
56,,56001
32,1,56003
8,,56003
118,1,56005
63,,56005
20,,56007
35,1,56007
13,1,56009
6,,56009
13,1,56011
6,,56011
206,1,56013
45,,56013
42,1,56015
11,,56015
13,1,56017
14,,56017
28,1,56019
5,,56019
545,1,56021
221,,56021
37,1,56023
25,,56023
282,1,56025
130,,56025
2,1,56027
83,1,56029
60,,56029
20,1,56031
8,,56031
98,1,56033
38,,56033
8,1,56035
5,,56035
305,1,56037
158,,56037
259,1,56039
58,,56039
47,1,56041
12,,56041
11,,56043
11,1,56043
18,1,56045
7,,56045
