"date_id","agg_views","video_shortened_id","candidate"
20151001,44945,2537,"Clinton"
20151001,10961,1325,"Trump"
20151001,12663,1349,"Trump"
20151001,53599,567,"Trump"
20151001,17258,1655,"Clinton"
20151001,12736,1094,"Clinton"
20151002,19387,1655,"Clinton"
20151002,12764,1094,"Clinton"
20151002,47145,2537,"Clinton"
20151002,11621,1325,"Trump"
20151002,13339,1349,"Trump"
20151002,56314,567,"Trump"
20151003,14086,1349,"Trump"
20151003,59098,567,"Trump"
20151003,12121,1490,"Clinton"
20151003,21710,1655,"Clinton"
20151003,12786,1094,"Clinton"
20151003,12218,1325,"Trump"
20151004,12727,1325,"Trump"
20151004,191725,922,"Clinton"
20151004,14863,1349,"Trump"
20151004,61924,567,"Trump"
20151004,24120,1655,"Clinton"
20151004,12816,1094,"Clinton"
20151005,13262,1325,"Trump"
20151005,192754,922,"Clinton"
20151005,15575,1349,"Trump"
20151005,64519,567,"Trump"
20151005,25998,1655,"Clinton"
20151005,12838,1094,"Clinton"
20151006,13762,1325,"Trump"
20151006,195798,922,"Clinton"
20151006,13180,1490,"Clinton"
20151006,16414,1349,"Trump"
20151006,66575,567,"Trump"
20151006,27022,1655,"Clinton"
20151007,28107,1655,"Clinton"
20151007,14206,1325,"Trump"
20151007,199315,922,"Clinton"
20151007,13710,1490,"Clinton"
20151007,17169,1349,"Trump"
20151007,68483,567,"Trump"
20151008,17802,1349,"Trump"
20151008,70496,567,"Trump"
20151008,29118,1655,"Clinton"
20151008,14674,1325,"Trump"
20151008,199884,922,"Clinton"
20151008,14230,1490,"Clinton"
20151009,18499,1349,"Trump"
20151009,72765,567,"Trump"
20151009,30073,1655,"Clinton"
20151009,58027,2537,"Clinton"
20151009,15241,1325,"Trump"
20151009,200098,922,"Clinton"
20151010,15732,1325,"Trump"
20151010,200279,922,"Clinton"
20151010,19224,1349,"Trump"
20151010,75099,567,"Trump"
20151010,30986,1655,"Clinton"
20151010,59227,2537,"Clinton"
20151011,16188,1325,"Trump"
20151011,200443,922,"Clinton"
20151011,20030,1349,"Trump"
20151011,77276,567,"Trump"
20151011,32452,1655,"Clinton"
20151011,65867,2537,"Clinton"
20151012,16755,1325,"Trump"
20151012,200652,922,"Clinton"
20151012,20845,1349,"Trump"
20151012,79545,567,"Trump"
20151012,36689,1655,"Clinton"
20151012,75729,2537,"Clinton"
20151013,82066,567,"Trump"
20151013,40063,1655,"Clinton"
20151013,85688,2537,"Clinton"
20151013,17364,1325,"Trump"
20151013,200829,922,"Clinton"
20151013,21704,1349,"Trump"
20151014,22573,1349,"Trump"
20151014,84499,567,"Trump"
20151014,41994,1655,"Clinton"
20151014,94238,2537,"Clinton"
20151014,17928,1325,"Trump"
20151014,200952,922,"Clinton"
20151015,18503,1325,"Trump"
20151015,201082,922,"Clinton"
20151015,23337,1349,"Trump"
20151015,87002,567,"Trump"
20151015,101399,2537,"Clinton"
20151015,211322,2554,"Clinton"
20151016,19066,1325,"Trump"
20151016,201167,922,"Clinton"
20151016,24050,1349,"Trump"
20151016,89527,567,"Trump"
20151016,112427,2537,"Clinton"
20151016,241583,2554,"Clinton"
20151017,241583,2554,"Clinton"
20151017,17982,1325,"Trump"
20151017,201167,922,"Clinton"
20151017,23135,1349,"Trump"
20151017,86450,567,"Trump"
20151017,112427,2537,"Clinton"
20151018,112427,2537,"Clinton"
20151018,241583,2554,"Clinton"
20151018,17275,1325,"Trump"
20151018,201167,922,"Clinton"
20151018,22351,1349,"Trump"
20151018,83430,567,"Trump"
20151019,21714,1349,"Trump"
20151019,80633,567,"Trump"
20151019,112427,2537,"Clinton"
20151019,241583,2554,"Clinton"
20151019,16593,1325,"Trump"
20151019,201167,922,"Clinton"
20151020,15753,1325,"Trump"
20151020,201164,922,"Clinton"
20151020,20804,1349,"Trump"
20151020,77278,567,"Trump"
20151020,112427,2537,"Clinton"
20151020,241583,2554,"Clinton"
20151021,15167,1325,"Trump"
20151021,172169,922,"Clinton"
20151021,20043,1349,"Trump"
20151021,74073,567,"Trump"
20151021,112427,2537,"Clinton"
20151021,241583,2554,"Clinton"
20151022,14562,1325,"Trump"
20151022,66239,922,"Clinton"
20151022,19202,1349,"Trump"
20151022,71511,567,"Trump"
20151022,112427,2537,"Clinton"
20151022,241583,2554,"Clinton"
20151023,112427,2537,"Clinton"
20151023,241583,2554,"Clinton"
20151023,46444,1655,"Clinton"
20151023,13955,1325,"Trump"
20151023,18432,1349,"Trump"
20151023,68813,567,"Trump"
20151024,17626,1349,"Trump"
20151024,66154,567,"Trump"
20151024,112427,2537,"Clinton"
20151024,241583,2554,"Clinton"
20151024,46414,1655,"Clinton"
20151024,13383,1325,"Trump"
20151025,16796,1349,"Trump"
20151025,61842,567,"Trump"
20151025,109879,2537,"Clinton"
20151025,241583,2554,"Clinton"
20151025,46178,1655,"Clinton"
20151025,12722,1325,"Trump"
20151026,44006,1655,"Clinton"
20151026,12022,1325,"Trump"
20151026,16107,1349,"Trump"
20151026,54474,567,"Trump"
20151026,104105,2537,"Clinton"
20151026,241583,2554,"Clinton"
20151027,41761,1655,"Clinton"
20151027,11165,1325,"Trump"
20151027,50094,567,"Trump"
20151027,15398,1349,"Trump"
20151027,99682,2537,"Clinton"
20151027,241583,2554,"Clinton"
20151028,241583,2554,"Clinton"
20151028,39382,1865,"Clinton"
20151028,94199,2537,"Clinton"
20151028,10455,1325,"Trump"
20151028,14728,1349,"Trump"
20151028,47068,567,"Trump"
20151029,9809,1325,"Trump"
20151029,13866,1349,"Trump"
20151029,44278,567,"Trump"
20151029,39382,1865,"Clinton"
20151029,86367,2537,"Clinton"
20151029,241583,2554,"Clinton"
20151030,241583,2554,"Clinton"
20151030,9292,1325,"Trump"
20151030,13027,1349,"Trump"
20151030,41257,567,"Trump"
20151030,39382,1865,"Clinton"
20151030,78191,2537,"Clinton"
20151031,70553,2537,"Clinton"
20151031,239213,2554,"Clinton"
20151031,8652,1325,"Trump"
20151031,12168,1349,"Trump"
20151031,38609,567,"Trump"
20151031,39382,1865,"Clinton"
20151101,18338,2537,"Clinton"
20151101,64383,2759,"Clinton"
20151101,56703,2554,"Clinton"
20151101,11771,1349,"Trump"
20151101,10876,1325,"Trump"
20151101,38797,567,"Trump"
20151102,23464,2809,"Clinton"
20151102,67576,2759,"Clinton"
20151102,56739,2554,"Clinton"
20151102,12545,1349,"Trump"
20151102,11480,1325,"Trump"
20151102,40938,567,"Trump"
20151103,43118,567,"Trump"
20151103,144202,2319,"Clinton"
20151103,70771,2759,"Clinton"
20151103,56785,2554,"Clinton"
20151103,13274,1349,"Trump"
20151103,12066,1325,"Trump"
20151104,14143,1349,"Trump"
20151104,12649,1325,"Trump"
20151104,45204,567,"Trump"
20151104,149995,2319,"Clinton"
20151104,74081,2759,"Clinton"
20151104,56833,2554,"Clinton"
20151105,75965,2759,"Clinton"
20151105,56875,2554,"Clinton"
20151105,14782,1349,"Trump"
20151105,13172,1325,"Trump"
20151105,47780,567,"Trump"
20151105,153154,2319,"Clinton"
20151106,153177,2319,"Clinton"
20151106,75965,2759,"Clinton"
20151106,56918,2554,"Clinton"
20151106,15485,1349,"Trump"
20151106,13866,1325,"Trump"
20151106,50313,567,"Trump"
20151107,153208,2319,"Clinton"
20151107,75965,2759,"Clinton"
20151107,56973,2554,"Clinton"
20151107,16187,1349,"Trump"
20151107,14971,1325,"Trump"
20151107,52600,567,"Trump"
20151108,153244,2319,"Clinton"
20151108,75965,2759,"Clinton"
20151108,57028,2554,"Clinton"
20151108,16900,1349,"Trump"
20151108,15693,1325,"Trump"
20151108,54701,567,"Trump"
20151109,17495,1349,"Trump"
20151109,16556,1325,"Trump"
20151109,56652,567,"Trump"
20151109,153268,2319,"Clinton"
20151109,75965,2759,"Clinton"
20151109,57071,2554,"Clinton"
20151110,17420,1325,"Trump"
20151110,75965,2759,"Clinton"
20151110,57121,2554,"Clinton"
20151110,18064,1349,"Trump"
20151110,58510,567,"Trump"
20151110,153294,2319,"Clinton"
20151111,153312,2319,"Clinton"
20151111,18256,1325,"Trump"
20151111,75965,2759,"Clinton"
20151111,57150,2554,"Clinton"
20151111,18580,1349,"Trump"
20151111,60329,567,"Trump"
20151112,153327,2319,"Clinton"
20151112,19014,1325,"Trump"
20151112,75965,2759,"Clinton"
20151112,57187,2554,"Clinton"
20151112,19107,1349,"Trump"
20151112,62200,567,"Trump"
20151113,153347,2319,"Clinton"
20151113,19673,1325,"Trump"
20151113,75965,2759,"Clinton"
20151113,57224,2554,"Clinton"
20151113,19672,1349,"Trump"
20151113,64117,567,"Trump"
20151114,20226,1349,"Trump"
20151114,66250,567,"Trump"
20151114,153375,2319,"Clinton"
20151114,20364,1325,"Trump"
20151114,57266,2554,"Clinton"
20151114,75965,2759,"Clinton"
20151115,57308,2554,"Clinton"
20151115,75965,2759,"Clinton"
20151115,20911,1349,"Trump"
20151115,68202,567,"Trump"
20151115,153390,2319,"Clinton"
20151115,20935,1325,"Trump"
20151116,20935,1325,"Trump"
20151116,57308,2554,"Clinton"
20151116,75965,2759,"Clinton"
20151116,20911,1349,"Trump"
20151116,68202,567,"Trump"
20151116,153390,2319,"Clinton"
20151117,153390,2319,"Clinton"
20151117,20278,1325,"Trump"
20151117,69498,2759,"Clinton"
20151117,20166,1349,"Trump"
20151117,65635,567,"Trump"
20151117,29434,1832,"Clinton"
20151118,153390,2319,"Clinton"
20151118,19739,1325,"Trump"
20151118,66470,2759,"Clinton"
20151118,19464,1349,"Trump"
20151118,63212,567,"Trump"
20151118,29434,1832,"Clinton"
20151119,60762,567,"Trump"
20151119,29434,1832,"Clinton"
20151119,149217,2319,"Clinton"
20151119,19126,1325,"Trump"
20151119,63214,2759,"Clinton"
20151119,18685,1349,"Trump"
20151120,17962,1349,"Trump"
20151120,58635,567,"Trump"
20151120,16830,1832,"Clinton"
20151120,136314,2319,"Clinton"
20151120,18379,1325,"Trump"
20151120,58541,2759,"Clinton"
20151121,17672,1325,"Trump"
20151121,17173,1349,"Trump"
20151121,56392,567,"Trump"
20151121,11134,900,"Clinton"
20151121,9299,1832,"Clinton"
20151121,122371,2319,"Clinton"
20151122,108475,2319,"Clinton"
20151122,17031,1325,"Trump"
20151122,16488,1349,"Trump"
20151122,54382,567,"Trump"
20151122,11125,900,"Clinton"
20151122,7777,1832,"Clinton"
20151123,95125,2319,"Clinton"
20151123,45870,2759,"Clinton"
20151123,16363,1325,"Trump"
20151123,15782,1349,"Trump"
20151123,51823,567,"Trump"
20151123,11122,900,"Clinton"
20151124,11103,900,"Clinton"
20151124,15613,1325,"Trump"
20151124,82117,2319,"Clinton"
20151124,7408,1787,"Clinton"
20151124,14984,1349,"Trump"
20151124,49418,567,"Trump"
20151125,15072,1325,"Trump"
20151125,7407,1787,"Clinton"
20151125,14338,1349,"Trump"
20151125,47112,567,"Trump"
20151125,67542,2319,"Clinton"
20151125,11088,900,"Clinton"
20151126,14492,1325,"Trump"
20151126,13640,1349,"Trump"
20151126,44498,567,"Trump"
20151126,7403,1787,"Clinton"
20151126,54672,2319,"Clinton"
20151126,11060,900,"Clinton"
20151127,41877,567,"Trump"
20151127,47984,2319,"Clinton"
20151127,11048,900,"Clinton"
20151127,13325,2556,"Clinton"
20151127,13843,1325,"Trump"
20151127,12880,1349,"Trump"
20151128,12189,1349,"Trump"
20151128,39224,567,"Trump"
20151128,42664,2319,"Clinton"
20151128,11046,900,"Clinton"
20151128,13325,2556,"Clinton"
20151128,12818,1325,"Trump"
20151129,12128,1325,"Trump"
20151129,11461,1349,"Trump"
20151129,37296,567,"Trump"
20151129,37214,2319,"Clinton"
20151129,11037,900,"Clinton"
20151129,13325,2556,"Clinton"
20151130,11326,1325,"Trump"
20151130,10620,1349,"Trump"
20151130,33925,567,"Trump"
20151130,31882,2319,"Clinton"
20151130,13325,2556,"Clinton"
20151130,4058,1853,"Clinton"
20151201,13000,1325,"Trump"
20151201,233148,1802,"Clinton"
20151201,17173,1349,"Trump"
20151201,35296,567,"Trump"
20151201,5071,1832,"Clinton"
20151201,36452,843,"Clinton"
20151202,5995,1832,"Clinton"
20151202,36545,843,"Clinton"
20151202,14089,1325,"Trump"
20151202,243961,1802,"Clinton"
20151202,18174,1349,"Trump"
20151202,39749,567,"Trump"
20151203,254067,1802,"Clinton"
20151203,19037,1349,"Trump"
20151203,43209,567,"Trump"
20151203,6108,1832,"Clinton"
20151203,36632,843,"Clinton"
20151203,15338,1325,"Trump"
20151204,36252,2787,"Clinton"
20151204,16534,1325,"Trump"
20151204,263564,1802,"Clinton"
20151204,19828,1349,"Trump"
20151204,46236,567,"Trump"
20151204,36699,843,"Clinton"
20151205,36721,2787,"Clinton"
20151205,17787,1325,"Trump"
20151205,272868,1802,"Clinton"
20151205,20710,1349,"Trump"
20151205,49592,567,"Trump"
20151205,36828,843,"Clinton"
20151206,36828,2787,"Clinton"
20151206,18981,1325,"Trump"
20151206,277046,1802,"Clinton"
20151206,21622,1349,"Trump"
20151206,52340,567,"Trump"
20151206,36905,843,"Clinton"
20151207,36978,843,"Clinton"
20151207,36940,2787,"Clinton"
20151207,20136,1325,"Trump"
20151207,277048,1802,"Clinton"
20151207,22544,1349,"Trump"
20151207,55676,567,"Trump"
20151208,23414,1349,"Trump"
20151208,58494,567,"Trump"
20151208,37071,843,"Clinton"
20151208,37040,2787,"Clinton"
20151208,21371,1325,"Trump"
20151208,277050,1802,"Clinton"
20151209,277050,1802,"Clinton"
20151209,24173,1349,"Trump"
20151209,60772,567,"Trump"
20151209,37106,843,"Clinton"
20151209,37101,2787,"Clinton"
20151209,22385,1325,"Trump"
20151210,37174,2787,"Clinton"
20151210,23187,1325,"Trump"
20151210,277050,1802,"Clinton"
20151210,24733,1349,"Trump"
20151210,63324,567,"Trump"
20151210,37145,843,"Clinton"
20151211,37243,2787,"Clinton"
20151211,24156,1325,"Trump"
20151211,277050,1802,"Clinton"
20151211,25397,1349,"Trump"
20151211,65581,567,"Trump"
20151211,37616,843,"Clinton"
20151212,37295,2787,"Clinton"
20151212,25106,1325,"Trump"
20151212,277050,1802,"Clinton"
20151212,25976,1349,"Trump"
20151212,68096,567,"Trump"
20151212,37838,843,"Clinton"
20151213,70531,567,"Trump"
20151213,37965,843,"Clinton"
20151213,37385,2787,"Clinton"
20151213,26156,1325,"Trump"
20151213,277050,1802,"Clinton"
20151213,26686,1349,"Trump"
20151214,277050,1802,"Clinton"
20151214,27405,1349,"Trump"
20151214,73530,567,"Trump"
20151214,38037,843,"Clinton"
20151214,37464,2787,"Clinton"
20151214,27280,1325,"Trump"
20151215,37535,2787,"Clinton"
20151215,28418,1325,"Trump"
20151215,277050,1802,"Clinton"
20151215,28099,1349,"Trump"
20151215,79518,567,"Trump"
20151215,38096,843,"Clinton"
20151216,37617,2787,"Clinton"
20151216,29326,1325,"Trump"
20151216,277051,1802,"Clinton"
20151216,28783,1349,"Trump"
20151216,82499,567,"Trump"
20151216,38138,843,"Clinton"
20151217,37617,2787,"Clinton"
20151217,28745,1325,"Trump"
20151217,264253,1802,"Clinton"
20151217,28066,1349,"Trump"
20151217,80602,567,"Trump"
20151217,31765,843,"Clinton"
20151218,20884,843,"Clinton"
20151218,37617,2787,"Clinton"
20151218,28122,1325,"Trump"
20151218,250428,1802,"Clinton"
20151218,27359,1349,"Trump"
20151218,78897,567,"Trump"
20151219,237583,1802,"Clinton"
20151219,26669,1349,"Trump"
20151219,77274,567,"Trump"
20151219,13548,843,"Clinton"
20151219,37617,2787,"Clinton"
20151219,27453,1325,"Trump"
20151220,37616,2787,"Clinton"
20151220,26816,1325,"Trump"
20151220,225648,1802,"Clinton"
20151220,25989,1349,"Trump"
20151220,75394,567,"Trump"
20151220,8448,843,"Clinton"
20151221,37609,2787,"Clinton"
20151221,26160,1325,"Trump"
20151221,212164,1802,"Clinton"
20151221,25275,1349,"Trump"
20151221,73462,567,"Trump"
20151221,6456,1095,"Clinton"
20151222,36923,2787,"Clinton"
20151222,198644,1802,"Clinton"
20151222,24487,1349,"Trump"
20151222,25514,1325,"Trump"
20151222,71169,567,"Trump"
20151222,6346,1095,"Clinton"
20151223,6274,1095,"Clinton"
20151223,32037,2787,"Clinton"
20151223,183633,1802,"Clinton"
20151223,23393,1349,"Trump"
20151223,24872,1325,"Trump"
20151223,69263,567,"Trump"
20151224,21507,1349,"Trump"
20151224,23994,1325,"Trump"
20151224,67120,567,"Trump"
20151224,20877,2787,"Clinton"
20151224,167998,1802,"Clinton"
20151224,6189,1832,"Clinton"
20151225,152503,1802,"Clinton"
20151225,23127,1325,"Trump"
20151225,6186,1832,"Clinton"
20151225,19733,1349,"Trump"
20151225,64689,567,"Trump"
20151225,13452,2787,"Clinton"
20151226,8924,2787,"Clinton"
20151226,137834,1802,"Clinton"
20151226,22179,1325,"Trump"
20151226,6181,1832,"Clinton"
20151226,18237,1349,"Trump"
20151226,62568,567,"Trump"
20151227,6633,2787,"Clinton"
20151227,21308,1325,"Trump"
20151227,6177,1832,"Clinton"
20151227,5014,1095,"Clinton"
20151227,17036,1349,"Trump"
20151227,60586,567,"Trump"
20151228,5256,2787,"Clinton"
20151228,106447,1802,"Clinton"
20151228,20211,1325,"Trump"
20151228,6159,1832,"Clinton"
20151228,16013,1349,"Trump"
20151228,58030,567,"Trump"
20151229,15074,1349,"Trump"
20151229,55545,567,"Trump"
20151229,4486,2868,"Clinton"
20151229,4743,1833,"Clinton"
20151229,4817,1095,"Clinton"
20151229,19316,1325,"Trump"
20151230,14111,1349,"Trump"
20151230,53521,567,"Trump"
20151230,72963,1802,"Clinton"
20151230,4743,1833,"Clinton"
20151230,4791,1095,"Clinton"
20151230,18509,1325,"Trump"
20151231,4743,1833,"Clinton"
20151231,4771,1095,"Clinton"
20151231,17459,1325,"Trump"
20151231,12889,1349,"Trump"
20151231,51309,567,"Trump"
20151231,55475,1802,"Clinton"
20160101,6555,1095,"Clinton"
20160101,18471,1325,"Trump"
20160101,13814,1349,"Trump"
20160101,59199,567,"Trump"
20160101,4937,1912,"Clinton"
20160101,12135,1791,"Clinton"
20160102,4985,1912,"Clinton"
20160102,12227,1791,"Clinton"
20160102,6831,1095,"Clinton"
20160102,20187,1325,"Trump"
20160102,14796,1349,"Trump"
20160102,62824,567,"Trump"
20160103,66305,567,"Trump"
20160103,12334,1791,"Clinton"
20160103,98403,885,"Clinton"
20160103,6988,1095,"Clinton"
20160103,21706,1325,"Trump"
20160103,16174,1349,"Trump"
20160104,11733,2269,"Clinton"
20160104,17302,1349,"Trump"
20160104,69550,567,"Trump"
20160104,12424,1791,"Clinton"
20160104,106920,885,"Clinton"
20160104,22933,1325,"Trump"
20160105,24104,1325,"Trump"
20160105,11855,2269,"Clinton"
20160105,18317,1349,"Trump"
20160105,73435,567,"Trump"
20160105,12499,1791,"Clinton"
20160105,114345,885,"Clinton"
20160106,119300,885,"Clinton"
20160106,25954,1325,"Trump"
20160106,12197,2269,"Clinton"
20160106,19234,1349,"Trump"
20160106,76663,567,"Trump"
20160106,12671,1791,"Clinton"
20160107,12881,1791,"Clinton"
20160107,123975,885,"Clinton"
20160107,27519,1325,"Trump"
20160107,12436,2269,"Clinton"
20160107,20491,1349,"Trump"
20160107,79866,567,"Trump"
20160108,13004,1791,"Clinton"
20160108,128295,885,"Clinton"
20160108,29032,1325,"Trump"
20160108,93717,1998,"Clinton"
20160108,21815,1349,"Trump"
20160108,83404,567,"Trump"
20160109,22881,1349,"Trump"
20160109,86521,567,"Trump"
20160109,13131,1791,"Clinton"
20160109,132047,885,"Clinton"
20160109,30374,1325,"Trump"
20160109,93795,1998,"Clinton"
20160110,31526,1325,"Trump"
20160110,94099,1998,"Clinton"
20160110,23931,1349,"Trump"
20160110,90052,567,"Trump"
20160110,13230,1791,"Clinton"
20160110,133345,885,"Clinton"
20160111,32747,1325,"Trump"
20160111,94199,1998,"Clinton"
20160111,25103,1349,"Trump"
20160111,93499,567,"Trump"
20160111,13338,1791,"Clinton"
20160111,133349,885,"Clinton"
20160112,133350,885,"Clinton"
20160112,34716,1965,"Clinton"
20160112,34081,1325,"Trump"
20160112,94352,1998,"Clinton"
20160112,26317,1349,"Trump"
20160112,97028,567,"Trump"
20160113,133350,885,"Clinton"
20160113,35126,1965,"Clinton"
20160113,35343,1325,"Trump"
20160113,94471,1998,"Clinton"
20160113,27626,1349,"Trump"
20160113,102803,567,"Trump"
20160114,28803,1349,"Trump"
20160114,107287,567,"Trump"
20160114,133350,885,"Clinton"
20160114,35368,1965,"Clinton"
20160114,36653,1325,"Trump"
20160114,94566,1998,"Clinton"
20160115,53198,1434,"Clinton"
20160115,94620,1998,"Clinton"
20160115,29960,1349,"Trump"
20160115,112932,567,"Trump"
20160115,133350,885,"Clinton"
20160115,38160,1325,"Trump"
20160116,39894,1325,"Trump"
20160116,53200,1434,"Clinton"
20160116,94747,1998,"Clinton"
20160116,209534,1939,"Trump"
20160116,123419,567,"Trump"
20160116,133351,885,"Clinton"
20160117,133351,885,"Clinton"
20160117,38915,1325,"Trump"
20160117,53200,1434,"Clinton"
20160117,94747,1998,"Clinton"
20160117,209534,1939,"Trump"
20160117,119891,567,"Trump"
20160118,209534,1939,"Trump"
20160118,133351,885,"Clinton"
20160118,37933,1325,"Trump"
20160118,53200,1434,"Clinton"
20160118,94747,1998,"Clinton"
20160118,112988,567,"Trump"
20160119,36932,1325,"Trump"
20160119,209534,1939,"Trump"
20160119,133350,885,"Clinton"
20160119,108637,567,"Trump"
20160119,53200,1434,"Clinton"
20160119,94747,1998,"Clinton"
20160120,35811,1325,"Trump"
20160120,209534,1939,"Trump"
20160120,94747,1998,"Clinton"
20160120,133349,885,"Clinton"
20160120,105756,567,"Trump"
20160120,53200,1434,"Clinton"
20160121,103157,567,"Trump"
20160121,53200,1434,"Clinton"
20160121,34811,1325,"Trump"
20160121,209534,1939,"Trump"
20160121,94747,1998,"Clinton"
20160121,130909,885,"Clinton"
20160122,94747,1998,"Clinton"
20160122,125689,885,"Clinton"
20160122,74079,1140,"Trump"
20160122,100017,567,"Trump"
20160122,53200,1434,"Clinton"
20160122,209534,1939,"Trump"
20160123,209534,1939,"Trump"
20160123,94747,1998,"Clinton"
20160123,119429,885,"Clinton"
20160123,74079,1140,"Trump"
20160123,96874,567,"Trump"
20160123,53200,1434,"Clinton"
20160124,209534,1939,"Trump"
20160124,94732,1998,"Clinton"
20160124,112796,885,"Clinton"
20160124,74079,1140,"Trump"
20160124,93101,567,"Trump"
20160124,53200,1434,"Clinton"
20160125,209534,1939,"Trump"
20160125,68336,1998,"Clinton"
20160125,106355,885,"Clinton"
20160125,74079,1140,"Trump"
20160125,89468,567,"Trump"
20160125,53200,1434,"Clinton"
20160126,85681,567,"Trump"
20160126,53200,1434,"Clinton"
20160126,42839,1495,"Clinton"
20160126,209534,1939,"Trump"
20160126,99922,885,"Clinton"
20160126,74079,1140,"Trump"
20160127,92949,885,"Clinton"
20160127,39982,1134,"Clinton"
20160127,74079,1140,"Trump"
20160127,82631,567,"Trump"
20160127,42839,1495,"Clinton"
20160127,209534,1939,"Trump"
20160128,83572,885,"Clinton"
20160128,74079,1140,"Trump"
20160128,39982,1134,"Clinton"
20160128,79458,567,"Trump"
20160128,42839,1495,"Clinton"
20160128,209534,1939,"Trump"
20160129,209534,1939,"Trump"
20160129,53200,1434,"Clinton"
20160129,74079,1140,"Trump"
20160129,39982,1134,"Clinton"
20160129,76201,567,"Trump"
20160129,42839,1495,"Clinton"
20160130,209534,1939,"Trump"
20160130,53200,1434,"Clinton"
20160130,74079,1140,"Trump"
20160130,39982,1134,"Clinton"
20160130,72460,567,"Trump"
20160130,42839,1495,"Clinton"
20160131,42839,1495,"Clinton"
20160131,55348,885,"Clinton"
20160131,209534,1939,"Trump"
20160131,50615,1434,"Clinton"
20160131,74079,1140,"Trump"
20160131,68236,567,"Trump"
20160201,147772,567,"Trump"
20160201,49113,2793,"Clinton"
20160201,24333,1325,"Trump"
20160201,14859,880,"Clinton"
20160201,14936,1134,"Clinton"
20160201,53484,2025,"Trump"
20160202,15399,1134,"Clinton"
20160202,53776,2025,"Trump"
20160202,151127,567,"Trump"
20160202,58824,2793,"Clinton"
20160202,25888,1325,"Trump"
20160202,14875,880,"Clinton"
20160203,19116,1134,"Clinton"
20160203,15418,1495,"Clinton"
20160203,54111,2025,"Trump"
20160203,156643,567,"Trump"
20160203,23291,1806,"Clinton"
20160203,27448,1325,"Trump"
20160204,28861,1325,"Trump"
20160204,21795,1134,"Clinton"
20160204,54606,2025,"Trump"
20160204,160911,567,"Trump"
20160204,17630,1834,"Clinton"
20160204,23361,1806,"Clinton"
20160205,23415,1806,"Clinton"
20160205,30623,1325,"Trump"
20160205,23257,1134,"Clinton"
20160205,54812,2025,"Trump"
20160205,164878,567,"Trump"
20160205,17685,1834,"Clinton"
20160206,169383,567,"Trump"
20160206,23440,1806,"Clinton"
20160206,17816,1495,"Clinton"
20160206,34179,1325,"Trump"
20160206,24517,1134,"Clinton"
20160206,55667,2025,"Trump"
20160207,25645,1134,"Clinton"
20160207,56485,2025,"Trump"
20160207,173603,567,"Trump"
20160207,23483,1806,"Clinton"
20160207,19016,1495,"Clinton"
20160207,36964,1325,"Trump"
20160208,57051,2025,"Trump"
20160208,26388,1134,"Clinton"
20160208,177956,567,"Trump"
20160208,59597,2793,"Clinton"
20160208,23502,1806,"Clinton"
20160208,39214,1325,"Trump"
20160209,43937,1325,"Trump"
20160209,57465,2025,"Trump"
20160209,26857,1134,"Clinton"
20160209,183813,567,"Trump"
20160209,23514,1806,"Clinton"
20160209,20975,1495,"Clinton"
20160210,21990,1495,"Clinton"
20160210,46987,1325,"Trump"
20160210,57705,2025,"Trump"
20160210,27270,1134,"Clinton"
20160210,189033,567,"Trump"
20160210,23532,1806,"Clinton"
20160211,194741,567,"Trump"
20160211,23548,1806,"Clinton"
20160211,50396,1325,"Trump"
20160211,57921,2025,"Trump"
20160211,59635,2793,"Clinton"
20160211,27676,1134,"Clinton"
20160212,208793,567,"Trump"
20160212,23794,1495,"Clinton"
20160212,53938,1325,"Trump"
20160212,58148,2025,"Trump"
20160212,59635,2793,"Clinton"
20160212,28086,1134,"Clinton"
20160213,59635,2793,"Clinton"
20160213,28494,1134,"Clinton"
20160213,230276,567,"Trump"
20160213,24541,1495,"Clinton"
20160213,57072,1325,"Trump"
20160213,58388,2025,"Trump"
20160214,59759,1325,"Trump"
20160214,58769,2025,"Trump"
20160214,59635,2793,"Clinton"
20160214,28905,1134,"Clinton"
20160214,238026,567,"Trump"
20160214,25546,1495,"Clinton"
20160215,59759,1325,"Trump"
20160215,58769,2025,"Trump"
20160215,59635,2793,"Clinton"
20160215,28905,1134,"Clinton"
20160215,238026,567,"Trump"
20160215,25546,1495,"Clinton"
20160216,238026,567,"Trump"
20160216,59759,1325,"Trump"
20160216,58769,2025,"Trump"
20160216,28905,1134,"Clinton"
20160216,59635,2793,"Clinton"
20160216,25546,1495,"Clinton"
20160217,160172,1053,"Clinton"
20160217,39762,1349,"Trump"
20160217,198733,567,"Trump"
20160217,58416,1325,"Trump"
20160217,24756,1134,"Clinton"
20160217,59635,2793,"Clinton"
20160218,160172,1053,"Clinton"
20160218,38652,1349,"Trump"
20160218,166275,567,"Trump"
20160218,54293,930,"Clinton"
20160218,57004,1325,"Trump"
20160218,59634,2793,"Clinton"
20160219,59634,2793,"Clinton"
20160219,160172,1053,"Clinton"
20160219,37666,1349,"Trump"
20160219,149857,567,"Trump"
20160219,54293,930,"Clinton"
20160219,55530,1325,"Trump"
20160220,59634,2793,"Clinton"
20160220,160172,1053,"Clinton"
20160220,36717,1349,"Trump"
20160220,141735,567,"Trump"
20160220,54293,930,"Clinton"
20160220,54105,1325,"Trump"
20160221,137184,567,"Trump"
20160221,54293,930,"Clinton"
20160221,52189,1325,"Trump"
20160221,36390,2033,"Trump"
20160221,59634,2793,"Clinton"
20160221,160172,1053,"Clinton"
20160222,160172,1053,"Clinton"
20160222,129640,567,"Trump"
20160222,54293,930,"Clinton"
20160222,50313,1325,"Trump"
20160222,36390,2033,"Trump"
20160222,59634,2793,"Clinton"
20160223,160172,1053,"Clinton"
20160223,124626,567,"Trump"
20160223,54293,930,"Clinton"
20160223,48953,1325,"Trump"
20160223,36390,2033,"Trump"
20160223,42547,2570,"Clinton"
20160224,160172,1053,"Clinton"
20160224,120907,567,"Trump"
20160224,47661,1325,"Trump"
20160224,36390,2033,"Trump"
20160224,59633,2793,"Clinton"
20160224,140679,2190,"Clinton"
20160225,36390,2033,"Trump"
20160225,140679,2190,"Clinton"
20160225,54293,930,"Clinton"
20160225,160172,1053,"Clinton"
20160225,117249,567,"Trump"
20160225,46223,1325,"Trump"
20160226,44685,1325,"Trump"
20160226,59633,2793,"Clinton"
20160226,36390,2033,"Trump"
20160226,140679,2190,"Clinton"
20160226,160172,1053,"Clinton"
20160226,112451,567,"Trump"
20160227,108474,567,"Trump"
20160227,43366,1325,"Trump"
20160227,36390,2033,"Trump"
20160227,140679,2190,"Clinton"
20160227,54293,930,"Clinton"
20160227,160172,1053,"Clinton"
20160228,160172,1053,"Clinton"
20160228,105056,567,"Trump"
20160228,41720,1325,"Trump"
20160228,36390,2033,"Trump"
20160228,140679,2190,"Clinton"
20160228,54293,930,"Clinton"
20160229,54293,930,"Clinton"
20160229,160172,1053,"Clinton"
20160229,101738,567,"Trump"
20160229,40073,1325,"Trump"
20160229,36390,2033,"Trump"
20160229,140679,2190,"Clinton"
20160301,8720,2351,"Clinton"
20160301,14958,930,"Clinton"
20160301,210606,567,"Trump"
20160301,50728,1325,"Trump"
20160301,39484,1349,"Trump"
20160301,18806,1495,"Clinton"
20160302,52837,1325,"Trump"
20160302,41620,1349,"Trump"
20160302,19570,1495,"Clinton"
20160302,8769,2351,"Clinton"
20160302,15596,930,"Clinton"
20160302,218347,567,"Trump"
20160303,227245,567,"Trump"
20160303,55056,1325,"Trump"
20160303,44876,1349,"Trump"
20160303,20182,1495,"Clinton"
20160303,9291,1053,"Clinton"
20160303,16076,930,"Clinton"
20160304,236275,567,"Trump"
20160304,57056,1325,"Trump"
20160304,46871,1349,"Trump"
20160304,20644,1495,"Clinton"
20160304,9629,1053,"Clinton"
20160304,16452,930,"Clinton"
20160305,16855,930,"Clinton"
20160305,244435,567,"Trump"
20160305,59037,1325,"Trump"
20160305,48684,1349,"Trump"
20160305,21123,1495,"Clinton"
20160305,9948,1053,"Clinton"
20160306,10370,1053,"Clinton"
20160306,17235,930,"Clinton"
20160306,252658,567,"Trump"
20160306,61813,1325,"Trump"
20160306,50131,1349,"Trump"
20160306,21621,1495,"Clinton"
20160307,10858,1053,"Clinton"
20160307,22135,1495,"Clinton"
20160307,17825,930,"Clinton"
20160307,68576,1175,"Trump"
20160307,258849,567,"Trump"
20160307,369294,2877,"Trump"
20160308,264859,567,"Trump"
20160308,370067,2877,"Trump"
20160308,11136,1053,"Clinton"
20160308,22703,1495,"Clinton"
20160308,18258,930,"Clinton"
20160308,68689,1175,"Trump"
20160309,270964,567,"Trump"
20160309,370700,2877,"Trump"
20160309,157790,2407,"Clinton"
20160309,25558,1495,"Clinton"
20160309,18566,930,"Clinton"
20160309,70863,1325,"Trump"
20160310,18805,930,"Clinton"
20160310,73418,1325,"Trump"
20160310,276562,567,"Trump"
20160310,371253,2877,"Trump"
20160310,158402,2407,"Clinton"
20160310,29895,1495,"Clinton"
20160311,19033,930,"Clinton"
20160311,76423,1325,"Trump"
20160311,282223,567,"Trump"
20160311,371743,2877,"Trump"
20160311,159024,2407,"Clinton"
20160311,31720,1495,"Clinton"
20160312,32232,1495,"Clinton"
20160312,19307,930,"Clinton"
20160312,79352,1325,"Trump"
20160312,287747,567,"Trump"
20160312,372281,2877,"Trump"
20160312,159646,2407,"Clinton"
20160313,372875,2877,"Trump"
20160313,160209,2407,"Clinton"
20160313,32846,1495,"Clinton"
20160313,19638,930,"Clinton"
20160313,82498,1325,"Trump"
20160313,293546,567,"Trump"
20160314,373408,2877,"Trump"
20160314,298512,567,"Trump"
20160314,160696,2407,"Clinton"
20160314,33322,1495,"Clinton"
20160314,20428,930,"Clinton"
20160314,85434,1325,"Trump"
20160315,88099,1325,"Trump"
20160315,373875,2877,"Trump"
20160315,21093,930,"Clinton"
20160315,303346,567,"Trump"
20160315,161376,2407,"Clinton"
20160315,34698,1495,"Clinton"
20160316,90224,1325,"Trump"
20160316,374431,2877,"Trump"
20160316,306927,567,"Trump"
20160316,162224,2407,"Clinton"
20160316,349887,2014,"Clinton"
20160316,36152,1495,"Clinton"
20160317,162224,2407,"Clinton"
20160317,349887,2014,"Clinton"
20160317,34730,1495,"Clinton"
20160317,86801,1325,"Trump"
20160317,374431,2877,"Trump"
20160317,297923,567,"Trump"
20160318,162224,2407,"Clinton"
20160318,349887,2014,"Clinton"
20160318,33856,1495,"Clinton"
20160318,83205,1325,"Trump"
20160318,374431,2877,"Trump"
20160318,250479,567,"Trump"
20160319,162224,2407,"Clinton"
20160319,349887,2014,"Clinton"
20160319,33207,1495,"Clinton"
20160319,79567,1325,"Trump"
20160319,374431,2877,"Trump"
20160319,233186,567,"Trump"
20160320,76183,1325,"Trump"
20160320,374431,2877,"Trump"
20160320,223636,567,"Trump"
20160320,162224,2407,"Clinton"
20160320,349887,2014,"Clinton"
20160320,29752,1495,"Clinton"
20160321,72210,1325,"Trump"
20160321,374431,2877,"Trump"
20160321,214330,567,"Trump"
20160321,162224,2407,"Clinton"
20160321,349887,2014,"Clinton"
20160321,27103,1495,"Clinton"
20160322,162224,2407,"Clinton"
20160322,349887,2014,"Clinton"
20160322,69104,1175,"Trump"
20160322,26494,1495,"Clinton"
20160322,374431,2877,"Trump"
20160322,197297,567,"Trump"
20160323,162224,2407,"Clinton"
20160323,349887,2014,"Clinton"
20160323,25141,1495,"Clinton"
20160323,65434,1325,"Trump"
20160323,308762,2877,"Trump"
20160323,185653,567,"Trump"
20160324,162224,2407,"Clinton"
20160324,349887,2014,"Clinton"
20160324,24343,1495,"Clinton"
20160324,62529,1325,"Trump"
20160324,96593,2877,"Trump"
20160324,176276,567,"Trump"
20160325,42135,2877,"Trump"
20160325,165545,567,"Trump"
20160325,162221,2407,"Clinton"
20160325,349887,2014,"Clinton"
20160325,23681,1495,"Clinton"
20160325,59114,1325,"Trump"
20160326,157003,567,"Trump"
20160326,37074,1349,"Trump"
20160326,124734,2407,"Clinton"
20160326,349887,2014,"Clinton"
20160326,22681,1495,"Clinton"
20160326,56080,1325,"Trump"
20160327,21666,1495,"Clinton"
20160327,53301,1325,"Trump"
20160327,144993,567,"Trump"
20160327,35373,1349,"Trump"
20160327,44184,2407,"Clinton"
20160327,349887,2014,"Clinton"
20160328,27559,2407,"Clinton"
20160328,349887,2014,"Clinton"
20160328,21092,1495,"Clinton"
20160328,51117,1325,"Trump"
20160328,132849,567,"Trump"
20160328,33198,1349,"Trump"
20160329,20859,2407,"Clinton"
20160329,349887,2014,"Clinton"
20160329,48586,1325,"Trump"
20160329,123568,567,"Trump"
20160329,31069,1349,"Trump"
20160329,54764,2250,"Clinton"
20160330,54764,2250,"Clinton"
20160330,19333,1495,"Clinton"
20160330,349887,2014,"Clinton"
20160330,29312,1738,"Trump"
20160330,46199,1325,"Trump"
20160330,114193,567,"Trump"
20160331,54764,2250,"Clinton"
20160331,18259,1495,"Clinton"
20160331,349887,2014,"Clinton"
20160331,25903,1631,"Trump"
20160331,43316,1325,"Trump"
20160331,103415,567,"Trump"
20160401,33238,1325,"Trump"
20160401,44070,567,"Trump"
20160401,11300,2250,"Clinton"
20160401,10159,2407,"Clinton"
20160401,19091,1742,"Clinton"
20160401,36114,1727,"Trump"
20160402,35591,1325,"Trump"
20160402,46126,567,"Trump"
20160402,11327,2250,"Clinton"
20160402,10522,2407,"Clinton"
20160402,19431,1742,"Clinton"
20160402,36116,1727,"Trump"
20160403,19792,1742,"Clinton"
20160403,36122,1727,"Trump"
20160403,37266,1325,"Trump"
20160403,48332,567,"Trump"
20160403,11372,2250,"Clinton"
20160403,11016,2407,"Clinton"
20160404,11417,2250,"Clinton"
20160404,11548,2407,"Clinton"
20160404,20179,1742,"Clinton"
20160404,36130,1727,"Trump"
20160404,39258,1325,"Trump"
20160404,53234,567,"Trump"
20160405,11998,2407,"Clinton"
20160405,20485,1742,"Clinton"
20160405,36133,1727,"Trump"
20160405,12055,1495,"Clinton"
20160405,41324,1325,"Trump"
20160405,56842,567,"Trump"
20160406,43398,1325,"Trump"
20160406,60565,567,"Trump"
20160406,12321,2407,"Clinton"
20160406,20735,1742,"Clinton"
20160406,36138,1727,"Trump"
20160406,13309,1495,"Clinton"
20160407,14654,1495,"Clinton"
20160407,45596,1325,"Trump"
20160407,63084,567,"Trump"
20160407,12604,2407,"Clinton"
20160407,20969,1742,"Clinton"
20160407,36138,1727,"Trump"
20160408,36141,1727,"Trump"
20160408,14966,1495,"Clinton"
20160408,48217,1325,"Trump"
20160408,65358,567,"Trump"
20160408,12884,2407,"Clinton"
20160408,21179,1742,"Clinton"
20160409,13189,2407,"Clinton"
20160409,21403,1742,"Clinton"
20160409,36142,1727,"Trump"
20160409,15362,1495,"Clinton"
20160409,50825,1325,"Trump"
20160409,68045,567,"Trump"
20160410,21670,1742,"Clinton"
20160410,63357,2610,"Clinton"
20160410,52997,1325,"Trump"
20160410,36144,1727,"Trump"
20160410,15955,1495,"Clinton"
20160410,71529,567,"Trump"
20160411,21964,1742,"Clinton"
20160411,63605,2610,"Clinton"
20160411,55504,1325,"Trump"
20160411,36144,1727,"Trump"
20160411,74461,567,"Trump"
20160411,16617,1495,"Clinton"
20160412,22302,1742,"Clinton"
20160412,63772,2610,"Clinton"
20160412,19503,2761,"Clinton"
20160412,58068,1325,"Trump"
20160412,36145,1727,"Trump"
20160412,76822,567,"Trump"
20160413,36146,1727,"Trump"
20160413,17538,1495,"Clinton"
20160413,79318,567,"Trump"
20160413,22599,1742,"Clinton"
20160413,63983,2610,"Clinton"
20160413,60514,1325,"Trump"
20160414,63589,1325,"Trump"
20160414,36146,1727,"Trump"
20160414,17925,1495,"Clinton"
20160414,82264,567,"Trump"
20160414,22825,1742,"Clinton"
20160414,64130,2610,"Clinton"
20160415,67690,1325,"Trump"
20160415,36147,1727,"Trump"
20160415,84427,567,"Trump"
20160415,23010,1742,"Clinton"
20160415,64245,2610,"Clinton"
20160415,50500,1653,"Clinton"
20160416,19660,2407,"Clinton"
20160416,64245,2610,"Clinton"
20160416,67690,1325,"Trump"
20160416,36147,1727,"Trump"
20160416,84427,567,"Trump"
20160416,23010,1742,"Clinton"
20160417,22780,1742,"Clinton"
20160417,18951,2407,"Clinton"
20160417,64245,2610,"Clinton"
20160417,65671,1325,"Trump"
20160417,35862,1727,"Trump"
20160417,81463,567,"Trump"
20160418,77953,567,"Trump"
20160418,50500,1653,"Clinton"
20160418,22582,1742,"Clinton"
20160418,64245,2610,"Clinton"
20160418,63211,1325,"Trump"
20160418,35573,1727,"Trump"
20160419,60896,1325,"Trump"
20160419,35286,1727,"Trump"
20160419,74584,567,"Trump"
20160419,50500,1653,"Clinton"
20160419,22367,1742,"Clinton"
20160419,64245,2610,"Clinton"
20160420,58925,1325,"Trump"
20160420,33865,1727,"Trump"
20160420,71229,567,"Trump"
20160420,50500,1653,"Clinton"
20160420,22115,1742,"Clinton"
20160420,64245,2610,"Clinton"
20160421,64245,2610,"Clinton"
20160421,56685,1325,"Trump"
20160421,27483,1284,"Trump"
20160421,68779,567,"Trump"
20160421,50500,1653,"Clinton"
20160421,21858,1742,"Clinton"
20160422,64245,2610,"Clinton"
20160422,57437,2219,"Trump"
20160422,132024,2152,"Clinton"
20160422,54631,1325,"Trump"
20160422,66496,567,"Trump"
20160422,50500,1653,"Clinton"
20160423,50500,1653,"Clinton"
20160423,64245,2610,"Clinton"
20160423,57437,2219,"Trump"
20160423,132024,2152,"Clinton"
20160423,52748,1325,"Trump"
20160423,64417,567,"Trump"
20160424,50621,1325,"Trump"
20160424,62301,567,"Trump"
20160424,50500,1653,"Clinton"
20160424,64245,2610,"Clinton"
20160424,57437,2219,"Trump"
20160424,132024,2152,"Clinton"
20160425,48267,1325,"Trump"
20160425,59994,567,"Trump"
20160425,50500,1653,"Clinton"
20160425,64245,2610,"Clinton"
20160425,57437,2219,"Trump"
20160425,132024,2152,"Clinton"
20160426,132024,2152,"Clinton"
20160426,45952,1325,"Trump"
20160426,57550,567,"Trump"
20160426,50500,1653,"Clinton"
20160426,64203,2610,"Clinton"
20160426,57437,2219,"Trump"
20160427,132024,2152,"Clinton"
20160427,29830,2610,"Clinton"
20160427,57437,2219,"Trump"
20160427,44168,1325,"Trump"
20160427,55232,567,"Trump"
20160427,50500,1653,"Clinton"
20160428,132024,2152,"Clinton"
20160428,57437,2219,"Trump"
20160428,21256,2222,"Clinton"
20160428,42135,1325,"Trump"
20160428,52950,567,"Trump"
20160428,50500,1653,"Clinton"
20160429,51063,567,"Trump"
20160429,50500,1653,"Clinton"
20160429,132024,2152,"Clinton"
20160429,57437,2219,"Trump"
20160429,21256,2222,"Clinton"
20160429,40428,1325,"Trump"
20160430,21256,2222,"Clinton"
20160430,38942,1325,"Trump"
20160430,45383,567,"Trump"
20160430,50500,1653,"Clinton"
20160430,132024,2152,"Clinton"
20160430,57437,2219,"Trump"
20160501,52148,1325,"Trump"
20160501,30216,1495,"Clinton"
20160501,7186,2407,"Clinton"
20160501,44453,567,"Trump"
20160501,21740,2152,"Clinton"
20160501,98177,2219,"Trump"
20160502,98373,2219,"Trump"
20160502,14177,1830,"Clinton"
20160502,54607,1325,"Trump"
20160502,30759,1495,"Clinton"
20160502,46523,567,"Trump"
20160502,22094,2152,"Clinton"
20160503,22293,2152,"Clinton"
20160503,16884,2896,"Clinton"
20160503,98780,2219,"Trump"
20160503,57216,1325,"Trump"
20160503,31198,1495,"Clinton"
20160503,48668,567,"Trump"
20160504,50827,567,"Trump"
20160504,22493,2152,"Clinton"
20160504,17748,2896,"Clinton"
20160504,99056,2219,"Trump"
20160504,59752,1325,"Trump"
20160504,31648,1495,"Clinton"
20160505,62590,1325,"Trump"
20160505,32032,1495,"Clinton"
20160505,52859,567,"Trump"
20160505,22666,2152,"Clinton"
20160505,18035,2896,"Clinton"
20160505,99272,2219,"Trump"
20160506,70842,1325,"Trump"
20160506,32458,1495,"Clinton"
20160506,54625,567,"Trump"
20160506,22848,2152,"Clinton"
20160506,18272,2896,"Clinton"
20160506,100199,2219,"Trump"
20160507,100721,2219,"Trump"
20160507,74665,1325,"Trump"
20160507,32903,1495,"Clinton"
20160507,56565,567,"Trump"
20160507,23024,2152,"Clinton"
20160507,18431,2896,"Clinton"
20160508,57975,567,"Trump"
20160508,23216,2152,"Clinton"
20160508,18550,2896,"Clinton"
20160508,76980,1325,"Trump"
20160508,101031,2219,"Trump"
20160508,33322,1495,"Clinton"
20160509,59448,567,"Trump"
20160509,23420,2152,"Clinton"
20160509,33884,1495,"Clinton"
20160509,79336,1325,"Trump"
20160509,101356,2219,"Trump"
20160509,35487,1318,"Clinton"
20160510,35558,1318,"Clinton"
20160510,61139,567,"Trump"
20160510,34348,1495,"Clinton"
20160510,81995,1325,"Trump"
20160510,101736,2219,"Trump"
20160510,23559,2152,"Clinton"
20160511,35624,1318,"Clinton"
20160511,63161,567,"Trump"
20160511,34748,1495,"Clinton"
20160511,84649,1325,"Trump"
20160511,102252,2219,"Trump"
20160511,23710,2152,"Clinton"
20160512,102664,2219,"Trump"
20160512,23831,2152,"Clinton"
20160512,35674,1318,"Clinton"
20160512,65286,567,"Trump"
20160512,35221,1495,"Clinton"
20160512,88547,1325,"Trump"
20160513,92266,1325,"Trump"
20160513,35525,1495,"Clinton"
20160513,103126,2219,"Trump"
20160513,23925,2152,"Clinton"
20160513,35702,1318,"Clinton"
20160513,66767,567,"Trump"
20160514,94898,1325,"Trump"
20160514,35819,1495,"Clinton"
20160514,103335,2219,"Trump"
20160514,24035,2152,"Clinton"
20160514,35746,1318,"Clinton"
20160514,68285,567,"Trump"
20160515,35811,1318,"Clinton"
20160515,69955,567,"Trump"
20160515,97461,1325,"Trump"
20160515,36143,1495,"Clinton"
20160515,103635,2219,"Trump"
20160515,24148,2152,"Clinton"
20160516,71594,567,"Trump"
20160516,99776,1325,"Trump"
20160516,36541,1495,"Clinton"
20160516,103816,2219,"Trump"
20160516,106985,2441,"Clinton"
20160516,441381,2561,"Clinton"
20160517,55728,2219,"Trump"
20160517,106985,2441,"Clinton"
20160517,441381,2561,"Clinton"
20160517,69361,567,"Trump"
20160517,96459,1325,"Trump"
20160517,36202,1495,"Clinton"
20160518,93992,1325,"Trump"
20160518,35853,1318,"Clinton"
20160518,106985,2441,"Clinton"
20160518,441381,2561,"Clinton"
20160518,30411,1349,"Trump"
20160518,67502,567,"Trump"
20160519,91645,1325,"Trump"
20160519,35853,1318,"Clinton"
20160519,106985,2441,"Clinton"
20160519,441381,2561,"Clinton"
20160519,28523,1349,"Trump"
20160519,65421,567,"Trump"
20160520,62596,567,"Trump"
20160520,88589,1325,"Trump"
20160520,35853,1318,"Clinton"
20160520,106985,2441,"Clinton"
20160520,441381,2561,"Clinton"
20160520,25961,1349,"Trump"
20160521,23909,1349,"Trump"
20160521,59841,567,"Trump"
20160521,84802,1325,"Trump"
20160521,35853,1318,"Clinton"
20160521,106985,2441,"Clinton"
20160521,441381,2561,"Clinton"
20160522,106985,2441,"Clinton"
20160522,441381,2561,"Clinton"
20160522,22525,1349,"Trump"
20160522,57221,567,"Trump"
20160522,81479,1325,"Trump"
20160522,35853,1318,"Clinton"
20160523,77571,1325,"Trump"
20160523,35853,1318,"Clinton"
20160523,106985,2441,"Clinton"
20160523,441381,2561,"Clinton"
20160523,21221,1349,"Trump"
20160523,54015,567,"Trump"
20160524,74249,1325,"Trump"
20160524,35853,1318,"Clinton"
20160524,106985,2441,"Clinton"
20160524,441381,2561,"Clinton"
20160524,20032,1349,"Trump"
20160524,50496,567,"Trump"
20160525,45323,567,"Trump"
20160525,71733,1325,"Trump"
20160525,34437,1318,"Clinton"
20160525,106985,2441,"Clinton"
20160525,441381,2561,"Clinton"
20160525,18933,1349,"Trump"
20160526,42305,567,"Trump"
20160526,18763,2896,"Clinton"
20160526,69184,1325,"Trump"
20160526,106985,2441,"Clinton"
20160526,441381,2561,"Clinton"
20160526,17767,1349,"Trump"
20160527,16648,1349,"Trump"
20160527,39579,567,"Trump"
20160527,18753,2896,"Clinton"
20160527,66141,1325,"Trump"
20160527,106985,2441,"Clinton"
20160527,441381,2561,"Clinton"
20160528,106985,2441,"Clinton"
20160528,441381,2561,"Clinton"
20160528,15621,1349,"Trump"
20160528,36652,567,"Trump"
20160528,18739,2896,"Clinton"
20160528,63112,1325,"Trump"
20160529,18668,2896,"Clinton"
20160529,59182,1325,"Trump"
20160529,106985,2441,"Clinton"
20160529,441381,2561,"Clinton"
20160529,14642,1349,"Trump"
20160529,34316,567,"Trump"
20160530,18662,2896,"Clinton"
20160530,53846,1325,"Trump"
20160530,106985,2441,"Clinton"
20160530,441381,2561,"Clinton"
20160530,13760,1349,"Trump"
20160530,32078,567,"Trump"
20160531,29661,567,"Trump"
20160531,18651,2896,"Clinton"
20160531,50602,1325,"Trump"
20160531,106985,2441,"Clinton"
20160531,441381,2561,"Clinton"
20160531,12902,1349,"Trump"
20160601,18511,1490,"Clinton"
20160601,41053,567,"Trump"
20160601,13970,2896,"Clinton"
20160601,31873,1325,"Trump"
20160601,16392,868,"Clinton"
20160601,118821,1474,"Trump"
20160602,18711,1490,"Clinton"
20160602,43213,567,"Trump"
20160602,27255,2516,"Clinton"
20160602,33744,1325,"Trump"
20160602,16472,868,"Clinton"
20160602,119051,1474,"Trump"
20160603,35554,1325,"Trump"
20160603,119250,1474,"Trump"
20160603,22593,1340,"Clinton"
20160603,44796,567,"Trump"
20160603,27255,2516,"Clinton"
20160603,65013,1850,"Clinton"
20160604,27255,2516,"Clinton"
20160604,65288,1850,"Clinton"
20160604,37684,1325,"Trump"
20160604,119469,1474,"Trump"
20160604,18987,1490,"Clinton"
20160604,46116,567,"Trump"
20160605,47886,567,"Trump"
20160605,119728,1474,"Trump"
20160605,65530,1850,"Clinton"
20160605,27255,2516,"Clinton"
20160605,269282,2419,"Trump"
20160605,22618,1340,"Clinton"
20160606,27255,2516,"Clinton"
20160606,65815,1850,"Clinton"
20160606,49480,567,"Trump"
20160606,119990,1474,"Trump"
20160606,699564,1757,"Clinton"
20160606,270488,2419,"Trump"
20160607,285537,1928,"Clinton"
20160607,66154,1850,"Clinton"
20160607,50844,567,"Trump"
20160607,120252,1474,"Trump"
20160607,700618,1757,"Clinton"
20160607,270943,2419,"Trump"
20160608,701967,1757,"Clinton"
20160608,272137,2419,"Trump"
20160608,286456,1928,"Clinton"
20160608,66389,1850,"Clinton"
20160608,52185,567,"Trump"
20160608,120497,1474,"Trump"
20160609,702854,1757,"Clinton"
20160609,273004,2419,"Trump"
20160609,1234570,2354,"Clinton"
20160609,287132,1928,"Clinton"
20160609,53561,567,"Trump"
20160609,120708,1474,"Trump"
20160610,55397,567,"Trump"
20160610,120898,1474,"Trump"
20160610,703811,1757,"Clinton"
20160610,273383,2419,"Trump"
20160610,1235990,2354,"Clinton"
20160610,287814,1928,"Clinton"
20160611,56493,567,"Trump"
20160611,121217,1474,"Trump"
20160611,707040,1757,"Clinton"
20160611,273897,2419,"Trump"
20160611,1237715,2354,"Clinton"
20160611,288823,1928,"Clinton"
20160612,289596,1928,"Clinton"
20160612,57688,567,"Trump"
20160612,121422,1474,"Trump"
20160612,708102,1757,"Clinton"
20160612,274438,2419,"Trump"
20160612,1239140,2354,"Clinton"
20160613,274922,2419,"Trump"
20160613,290271,1928,"Clinton"
20160613,1240556,2354,"Clinton"
20160613,58718,567,"Trump"
20160613,121605,1474,"Trump"
20160613,709481,1757,"Clinton"
20160614,710353,1757,"Clinton"
20160614,275169,2419,"Trump"
20160614,1242343,2354,"Clinton"
20160614,59789,567,"Trump"
20160614,121773,1474,"Trump"
20160614,1221726,892,"Clinton"
20160615,1221726,892,"Clinton"
20160615,710940,1757,"Clinton"
20160615,275342,2419,"Trump"
20160615,1245352,2354,"Clinton"
20160615,61496,567,"Trump"
20160615,121908,1474,"Trump"
20160616,61496,567,"Trump"
20160616,121908,1474,"Trump"
20160616,1221726,892,"Clinton"
20160616,710940,1757,"Clinton"
20160616,1245352,2354,"Clinton"
20160616,275342,2419,"Trump"
20160617,59621,567,"Trump"
20160617,89651,1474,"Trump"
20160617,1221726,892,"Clinton"
20160617,710940,1757,"Clinton"
20160617,1245352,2354,"Clinton"
20160617,275342,2419,"Trump"
20160618,57991,567,"Trump"
20160618,1221726,892,"Clinton"
20160618,710940,1757,"Clinton"
20160618,57217,1325,"Trump"
20160618,1245352,2354,"Clinton"
20160618,275342,2419,"Trump"
20160619,710940,1757,"Clinton"
20160619,55168,1325,"Trump"
20160619,1245352,2354,"Clinton"
20160619,275342,2419,"Trump"
20160619,56375,567,"Trump"
20160619,1221726,892,"Clinton"
20160620,1221726,892,"Clinton"
20160620,710940,1757,"Clinton"
20160620,1245352,2354,"Clinton"
20160620,275342,2419,"Trump"
20160620,54336,2693,"Trump"
20160620,54794,567,"Trump"
20160621,54336,2693,"Trump"
20160621,53185,567,"Trump"
20160621,1221726,892,"Clinton"
20160621,710940,1757,"Clinton"
20160621,1245352,2354,"Clinton"
20160621,210323,2419,"Trump"
20160622,54336,2693,"Trump"
20160622,561771,2422,"Trump"
20160622,1221726,892,"Clinton"
20160622,646222,1757,"Clinton"
20160622,1245352,2354,"Clinton"
20160622,151596,2419,"Trump"
20160623,54336,2693,"Trump"
20160623,561771,2422,"Trump"
20160623,1221726,892,"Clinton"
20160623,444539,1757,"Clinton"
20160623,1245352,2354,"Clinton"
20160623,117045,2419,"Trump"
20160624,1245352,2354,"Clinton"
20160624,94483,2419,"Trump"
20160624,223997,3050,"Clinton"
20160624,54336,2693,"Trump"
20160624,561771,2422,"Trump"
20160624,1221726,892,"Clinton"
20160625,599917,2354,"Clinton"
20160625,44708,2419,"Trump"
20160625,223997,3050,"Clinton"
20160625,54336,2693,"Trump"
20160625,561771,2422,"Trump"
20160625,1221726,892,"Clinton"
20160626,561771,2422,"Trump"
20160626,1221726,892,"Clinton"
20160626,41101,1325,"Trump"
20160626,195790,2354,"Clinton"
20160626,223997,3050,"Clinton"
20160626,54336,2693,"Trump"
20160627,54336,2693,"Trump"
20160627,561771,2422,"Trump"
20160627,1221726,892,"Clinton"
20160627,38806,1325,"Trump"
20160627,108309,2354,"Clinton"
20160627,223915,3050,"Clinton"
20160628,54336,2693,"Trump"
20160628,108013,1770,"Clinton"
20160628,561771,2422,"Trump"
20160628,1221726,892,"Clinton"
20160628,36834,1325,"Trump"
20160628,90817,2652,"Clinton"
20160629,54336,2693,"Trump"
20160629,108013,1770,"Clinton"
20160629,561771,2422,"Trump"
20160629,1221726,892,"Clinton"
20160629,34941,1325,"Trump"
20160629,90817,2652,"Clinton"
20160630,32897,1325,"Trump"
20160630,90817,2652,"Clinton"
20160630,54336,2693,"Trump"
20160630,108013,1770,"Clinton"
20160630,561771,2422,"Trump"
20160630,995880,892,"Clinton"
20160701,14589,1757,"Clinton"
20160701,12620,1177,"Clinton"
20160701,27260,1325,"Trump"
20160701,17132,567,"Trump"
20160701,11611,2419,"Trump"
20160701,18182,2354,"Clinton"
20160702,19038,2354,"Clinton"
20160702,15940,1757,"Clinton"
20160702,13307,1177,"Clinton"
20160702,18293,567,"Trump"
20160702,11736,2419,"Trump"
20160702,29316,1325,"Trump"
20160703,31730,1325,"Trump"
20160703,21056,567,"Trump"
20160703,21143,2354,"Clinton"
20160703,15230,1177,"Clinton"
20160703,11894,2419,"Trump"
20160703,17742,1757,"Clinton"
20160704,34886,1325,"Trump"
20160704,22927,567,"Trump"
20160704,16584,1177,"Clinton"
20160704,13079,1349,"Trump"
20160704,22815,2354,"Clinton"
20160704,18922,1757,"Clinton"
20160705,23798,2354,"Clinton"
20160705,20248,1757,"Clinton"
20160705,38014,1325,"Trump"
20160705,25970,567,"Trump"
20160705,17519,1177,"Clinton"
20160705,14884,1349,"Trump"
20160706,66900,2770,"Clinton"
20160706,24862,2354,"Clinton"
20160706,22014,1757,"Clinton"
20160706,41165,1325,"Trump"
20160706,29932,567,"Trump"
20160706,18335,1349,"Trump"
20160707,22105,1349,"Trump"
20160707,67172,2770,"Clinton"
20160707,25917,2354,"Clinton"
20160707,22805,1757,"Clinton"
20160707,43982,1325,"Trump"
20160707,32403,567,"Trump"
20160708,34256,567,"Trump"
20160708,23553,1349,"Trump"
20160708,67493,2770,"Clinton"
20160708,26856,2354,"Clinton"
20160708,23440,1757,"Clinton"
20160708,46285,1325,"Trump"
20160709,36020,567,"Trump"
20160709,48358,1325,"Trump"
20160709,24669,1349,"Trump"
20160709,67625,2770,"Clinton"
20160709,27733,2354,"Clinton"
20160709,23947,1757,"Clinton"
20160710,204330,2769,"Clinton"
20160710,37707,567,"Trump"
20160710,50621,1325,"Trump"
20160710,1141679,1779,"Clinton"
20160710,27369,2292,"Trump"
20160710,67705,2770,"Clinton"
20160711,216629,2769,"Clinton"
20160711,562352,2456,"Clinton"
20160711,39656,567,"Trump"
20160711,54142,1325,"Trump"
20160711,1198565,1779,"Clinton"
20160711,40666,2292,"Trump"
20160712,227601,2769,"Clinton"
20160712,583347,2456,"Clinton"
20160712,41903,567,"Trump"
20160712,60004,1325,"Trump"
20160712,1250015,1779,"Clinton"
20160712,175729,2292,"Trump"
20160713,228680,2292,"Trump"
20160713,239603,2769,"Clinton"
20160713,606649,2456,"Clinton"
20160713,44538,567,"Trump"
20160713,63791,1325,"Trump"
20160713,1294065,1779,"Clinton"
20160714,66775,1325,"Trump"
20160714,1327469,1779,"Clinton"
20160714,272892,2292,"Trump"
20160714,246160,2769,"Clinton"
20160714,672651,2456,"Clinton"
20160714,66317,567,"Trump"
20160715,697366,2456,"Clinton"
20160715,72519,567,"Trump"
20160715,1340415,1779,"Clinton"
20160715,291667,2292,"Trump"
20160715,2315534,2906,"Trump"
20160715,249026,2769,"Clinton"
20160716,2315620,2906,"Trump"
20160716,251942,2769,"Clinton"
20160716,72840,1325,"Trump"
20160716,711706,2456,"Clinton"
20160716,76281,567,"Trump"
20160716,1358254,1779,"Clinton"
20160717,2315620,2906,"Trump"
20160717,272482,1167,"Clinton"
20160717,711706,2456,"Clinton"
20160717,74778,567,"Trump"
20160717,317468,2292,"Trump"
20160717,1358254,1779,"Clinton"
20160718,2315620,2906,"Trump"
20160718,272482,1167,"Clinton"
20160718,711706,2456,"Clinton"
20160718,73857,567,"Trump"
20160718,317468,2292,"Trump"
20160718,1358254,1779,"Clinton"
20160719,1358254,1779,"Clinton"
20160719,2315620,2906,"Trump"
20160719,272482,1167,"Clinton"
20160719,711706,2456,"Clinton"
20160719,72849,567,"Trump"
20160719,317468,2292,"Trump"
20160720,711706,2456,"Clinton"
20160720,71719,567,"Trump"
20160720,317468,2292,"Trump"
20160720,1358254,1779,"Clinton"
20160720,2315620,2906,"Trump"
20160720,272482,1167,"Clinton"
20160721,272482,1167,"Clinton"
20160721,711706,2456,"Clinton"
20160721,70397,567,"Trump"
20160721,317468,2292,"Trump"
20160721,1358254,1779,"Clinton"
20160721,2315620,2906,"Trump"
20160722,2315620,2906,"Trump"
20160722,272482,1167,"Clinton"
20160722,711706,2456,"Clinton"
20160722,317463,2292,"Trump"
20160722,170536,2686,"Trump"
20160722,1358254,1779,"Clinton"
20160723,2315620,2906,"Trump"
20160723,272482,1167,"Clinton"
20160723,711706,2456,"Clinton"
20160723,316939,2292,"Trump"
20160723,170536,2686,"Trump"
20160723,1358254,1779,"Clinton"
20160724,1358254,1779,"Clinton"
20160724,2315620,2906,"Trump"
20160724,272482,1167,"Clinton"
20160724,711706,2456,"Clinton"
20160724,316882,2292,"Trump"
20160724,170536,2686,"Trump"
20160725,310779,2816,"Trump"
20160725,316867,2292,"Trump"
20160725,1358254,1779,"Clinton"
20160725,2315620,2906,"Trump"
20160725,272482,1167,"Clinton"
20160725,711706,2456,"Clinton"
20160726,711706,2456,"Clinton"
20160726,310779,2816,"Trump"
20160726,316853,2292,"Trump"
20160726,1358254,1779,"Clinton"
20160726,2315620,2906,"Trump"
20160726,272482,1167,"Clinton"
20160727,2315620,2906,"Trump"
20160727,272482,1167,"Clinton"
20160727,711703,2456,"Clinton"
20160727,310779,2816,"Trump"
20160727,316851,2292,"Trump"
20160727,1325162,1779,"Clinton"
20160728,2315620,2906,"Trump"
20160728,272482,1167,"Clinton"
20160728,711691,2456,"Clinton"
20160728,310779,2816,"Trump"
20160728,316839,2292,"Trump"
20160728,1238850,1779,"Clinton"
20160729,2315620,2906,"Trump"
20160729,272482,1167,"Clinton"
20160729,711454,2456,"Clinton"
20160729,310779,2816,"Trump"
20160729,316829,2292,"Trump"
20160729,1154833,1779,"Clinton"
20160730,1072296,1779,"Clinton"
20160730,316826,2292,"Trump"
20160730,310779,2816,"Trump"
20160730,2315620,2906,"Trump"
20160730,272482,1167,"Clinton"
20160730,532723,2456,"Clinton"
20160731,272482,1167,"Clinton"
20160731,388562,2456,"Clinton"
20160731,2304292,2906,"Trump"
20160731,316824,2292,"Trump"
20160731,310779,2816,"Trump"
20160731,996823,1779,"Clinton"
20160801,124431,1995,"Clinton"
20160801,25054,567,"Trump"
20160801,90343,1793,"Clinton"
20160801,19782,2686,"Trump"
20160801,39845,1325,"Trump"
20160801,101933,2456,"Clinton"
20160802,103447,2456,"Clinton"
20160802,124431,1995,"Clinton"
20160802,26161,567,"Trump"
20160802,90343,1793,"Clinton"
20160802,19993,2686,"Trump"
20160802,41977,1325,"Trump"
20160803,44351,1325,"Trump"
20160803,104943,2456,"Clinton"
20160803,570955,987,"Clinton"
20160803,124431,1995,"Clinton"
20160803,27289,567,"Trump"
20160803,20581,2686,"Trump"
20160804,21004,2686,"Trump"
20160804,47048,1325,"Trump"
20160804,106822,2456,"Clinton"
20160804,572627,987,"Clinton"
20160804,124431,1995,"Clinton"
20160804,29118,567,"Trump"
20160805,30598,567,"Trump"
20160805,21203,2686,"Trump"
20160805,49267,1325,"Trump"
20160805,108513,2456,"Clinton"
20160805,574198,987,"Clinton"
20160805,124431,1995,"Clinton"
20160806,124431,1995,"Clinton"
20160806,31765,567,"Trump"
20160806,21309,2686,"Trump"
20160806,51190,1325,"Trump"
20160806,109926,2456,"Clinton"
20160806,575693,987,"Clinton"
20160807,111608,2456,"Clinton"
20160807,577559,987,"Clinton"
20160807,124431,1995,"Clinton"
20160807,32942,567,"Trump"
20160807,21433,2686,"Trump"
20160807,53025,1325,"Trump"
20160808,54742,1325,"Trump"
20160808,113569,2456,"Clinton"
20160808,579077,987,"Clinton"
20160808,124431,1995,"Clinton"
20160808,34761,567,"Trump"
20160808,21516,2686,"Trump"
20160809,57519,1325,"Trump"
20160809,115278,2456,"Clinton"
20160809,580408,987,"Clinton"
20160809,124431,1995,"Clinton"
20160809,36783,567,"Trump"
20160809,21674,2686,"Trump"
20160810,38153,567,"Trump"
20160810,21792,2686,"Trump"
20160810,60569,1325,"Trump"
20160810,117554,2456,"Clinton"
20160810,582485,987,"Clinton"
20160810,124431,1995,"Clinton"
20160811,124431,1995,"Clinton"
20160811,39337,567,"Trump"
20160811,22035,1255,"Trump"
20160811,63098,1325,"Trump"
20160811,585311,987,"Clinton"
20160811,334959,1934,"Clinton"
20160812,355290,1934,"Clinton"
20160812,124431,1995,"Clinton"
20160812,40784,567,"Trump"
20160812,22189,1255,"Trump"
20160812,66134,1325,"Trump"
20160812,588445,987,"Clinton"
20160813,590463,987,"Clinton"
20160813,375681,1934,"Clinton"
20160813,24524,1298,"Trump"
20160813,43911,567,"Trump"
20160813,124673,2456,"Clinton"
20160813,69984,1325,"Trump"
20160814,69984,1325,"Trump"
20160814,590463,987,"Clinton"
20160814,375681,1934,"Clinton"
20160814,24524,1298,"Trump"
20160814,43911,567,"Trump"
20160814,124673,2456,"Clinton"
20160815,124673,2456,"Clinton"
20160815,69984,1325,"Trump"
20160815,590463,987,"Clinton"
20160815,375681,1934,"Clinton"
20160815,24524,1298,"Trump"
20160815,43911,567,"Trump"
20160816,24524,1298,"Trump"
20160816,43911,567,"Trump"
20160816,124673,2456,"Clinton"
20160816,69984,1325,"Trump"
20160816,590463,987,"Clinton"
20160816,375681,1934,"Clinton"
20160817,375681,1934,"Clinton"
20160817,24524,1298,"Trump"
20160817,40466,567,"Trump"
20160817,112108,2456,"Clinton"
20160817,66754,1325,"Trump"
20160817,590463,987,"Clinton"
20160818,375681,1934,"Clinton"
20160818,590463,987,"Clinton"
20160818,24524,1298,"Trump"
20160818,37509,567,"Trump"
20160818,99385,2456,"Clinton"
20160818,63720,1325,"Trump"
20160819,60879,1325,"Trump"
20160819,375681,1934,"Clinton"
20160819,590445,987,"Clinton"
20160819,24524,1298,"Trump"
20160819,35317,567,"Trump"
20160819,84130,2456,"Clinton"
20160820,58180,1325,"Trump"
20160820,375681,1934,"Clinton"
20160820,533809,987,"Clinton"
20160820,168518,2086,"Clinton"
20160820,24524,1298,"Trump"
20160820,33495,567,"Trump"
20160821,24524,1298,"Trump"
20160821,31756,567,"Trump"
20160821,55059,1325,"Trump"
20160821,375681,1934,"Clinton"
20160821,428284,987,"Clinton"
20160821,168518,2086,"Clinton"
20160822,207215,2772,"Trump"
20160822,168518,2086,"Clinton"
20160822,190051,1448,"Trump"
20160822,375681,1934,"Clinton"
20160822,308600,987,"Clinton"
20160822,164843,1990,"Trump"
20160823,186587,987,"Clinton"
20160823,20719,1298,"Trump"
20160823,28422,567,"Trump"
20160823,168518,2086,"Clinton"
20160823,48175,1325,"Trump"
20160823,375681,1934,"Clinton"
20160824,375681,1934,"Clinton"
20160824,102248,987,"Clinton"
20160824,26946,567,"Trump"
20160824,168518,2086,"Clinton"
20160824,45645,1325,"Trump"
20160824,81257,904,"Trump"
20160825,164843,1990,"Trump"
20160825,207215,2772,"Trump"
20160825,375681,1934,"Clinton"
20160825,331199,1463,"Clinton"
20160825,168518,2086,"Clinton"
20160825,190051,1448,"Trump"
20160826,190051,1448,"Trump"
20160826,164843,1990,"Trump"
20160826,207215,2772,"Trump"
20160826,375681,1934,"Clinton"
20160826,331199,1463,"Clinton"
20160826,168518,2086,"Clinton"
20160827,168518,2086,"Clinton"
20160827,164843,1990,"Trump"
20160827,207215,2772,"Trump"
20160827,375615,1934,"Clinton"
20160827,331199,1463,"Clinton"
20160827,190051,1448,"Trump"
20160828,190051,1448,"Trump"
20160828,331199,1463,"Clinton"
20160828,164843,1990,"Trump"
20160828,353485,1934,"Clinton"
20160828,168518,2086,"Clinton"
20160828,207215,2772,"Trump"
